S,I,R
1e+06,1,0
1e+06,1.0116,0.016763
1e+06,1.0175,0.025218
1e+06,1.0233,0.033721
1e+06,1.0293,0.042273
1e+06,1.0352,0.050875
1e+06,1.0412,0.059527
1e+06,1.0472,0.068229
1e+06,1.0533,0.076981
1e+06,1.0594,0.085783
1e+06,1.0655,0.094637
1e+06,1.0717,0.10354
1e+06,1.0779,0.1125
1e+06,1.0841,0.12151
1e+06,1.0904,0.13057
1e+06,1.0967,0.13968
1e+06,1.103,0.14884
1e+06,1.1094,0.15806
1e+06,1.1158,0.16733
1e+06,1.1223,0.17666
1e+06,1.1288,0.18604
1e+06,1.1353,0.19547
1e+06,1.1418,0.20496
1e+06,1.1485,0.2145
1e+06,1.1551,0.2241
1e+06,1.1618,0.23375
1e+06,1.1685,0.24346
1e+06,1.1753,0.25323
1e+06,1.182,0.26305
1e+06,1.1889,0.27293
1e+06,1.1958,0.28287
1e+06,1.2027,0.29286
1e+06,1.2096,0.30291
1e+06,1.2166,0.31302
1e+06,1.2237,0.32319
1e+06,1.2307,0.33342
1e+06,1.2379,0.3437
1e+06,1.245,0.35405
1e+06,1.2522,0.36445
1e+06,1.2595,0.37492
1e+06,1.2668,0.38544
1e+06,1.2741,0.39603
1e+06,1.2814,0.40668
1e+06,1.2889,0.41739
1e+06,1.2963,0.42816
1e+06,1.3038,0.43899
1e+06,1.3114,0.44989
1e+06,1.3189,0.46085
1e+06,1.3266,0.47187
1e+06,1.3342,0.48296
1e+06,1.342,0.49411
1e+06,1.3497,0.50532
1e+06,1.3575,0.5166
1e+06,1.3654,0.52795
1e+06,1.3733,0.53936
1e+06,1.3812,0.55084
1e+06,1.3892,0.56238
1e+06,1.3972,0.57399
1e+06,1.4053,0.58567
1e+06,1.4135,0.59741
1e+06,1.4216,0.60923
1e+06,1.4298,0.62111
1e+06,1.4381,0.63306
1e+06,1.4464,0.64508
1e+06,1.4548,0.65716
1e+06,1.4632,0.66932
1e+06,1.4717,0.68155
1e+06,1.4802,0.69385
1e+06,1.4888,0.70622
1e+06,1.4974,0.71866
1e+06,1.506,0.73118
1e+06,1.5147,0.74376
1e+06,1.5235,0.75642
1e+06,1.5323,0.76916
1e+06,1.5412,0.78196
1e+06,1.5501,0.79484
1e+06,1.5591,0.8078
1e+06,1.5681,0.82083
1e+06,1.5771,0.83393
1e+06,1.5863,0.84711
1e+06,1.5954,0.86037
1e+06,1.6047,0.8737
1e+06,1.6139,0.88711
1e+06,1.6233,0.9006
1e+06,1.6327,0.91417
1e+06,1.6421,0.92781
1e+06,1.6516,0.94154
1e+06,1.6612,0.95534
1e+06,1.6708,0.96922
1e+06,1.6804,0.98319
1e+06,1.6902,0.99723
1e+06,1.6999,1.0114
1e+06,1.7098,1.0256
1e+06,1.7196,1.0399
1e+06,1.7296,1.0542
1e+06,1.7396,1.0687
1e+06,1.7497,1.0832
1e+06,1.7598,1.0978
1e+06,1.77,1.1125
1e+06,1.7802,1.1273
1e+06,1.7905,1.1422
1e+06,1.8008,1.1572
1e+06,1.8113,1.1722
1e+06,1.8217,1.1874
1e+06,1.8323,1.2026
1e+06,1.8429,1.2179
1e+06,1.8535,1.2333
1e+06,1.8643,1.2488
1e+06,1.875,1.2644
1e+06,1.8859,1.2801
1e+06,1.8968,1.2958
1e+06,1.9078,1.3117
1e+06,1.9188,1.3276
1e+06,1.9299,1.3436
1e+06,1.9411,1.3598
1e+06,1.9523,1.376
1e+06,1.9636,1.3923
1e+06,1.9749,1.4087
1e+06,1.9864,1.4252
1e+06,1.9978,1.4418
1e+06,2.0094,1.4585
1e+06,2.021,1.4753
1e+06,2.0327,1.4922
1e+06,2.0445,1.5092
1e+06,2.0563,1.5263
1e+06,2.0682,1.5435
1e+06,2.0801,1.5608
1e+06,2.0922,1.5781
1e+06,2.1043,1.5956
1e+06,2.1165,1.6132
1e+06,2.1287,1.6309
1e+06,2.141,1.6487
1e+06,2.1534,1.6666
1e+06,2.1658,1.6846
1e+06,2.1784,1.7027
1e+06,2.191,1.7209
1e+06,2.2036,1.7392
1e+06,2.2164,1.7576
1e+06,2.2292,1.7761
1e+06,2.2421,1.7948
1e+06,2.2551,1.8135
1e+06,2.2681,1.8324
1e+06,2.2812,1.8513
1e+06,2.2944,1.8704
1e+06,2.3077,1.8895
1e+06,2.321,1.9088
1e+06,2.3345,1.9282
1e+06,2.348,1.9477
1e+06,2.3615,1.9674
1e+06,2.3752,1.9871
1e+06,2.3889,2.007
1e+06,2.4028,2.0269
1e+06,2.4167,2.047
1e+06,2.4306,2.0672
1e+06,2.4447,2.0875
1e+06,2.4588,2.1079
1e+06,2.4731,2.1285
1e+06,2.4874,2.1492
1e+06,2.5017,2.1699
1e+06,2.5162,2.1909
1e+06,2.5308,2.2119
1e+06,2.5454,2.233
1e+06,2.5601,2.2543
1e+06,2.5749,2.2757
1e+06,2.5898,2.2972
1e+06,2.6048,2.3189
1e+06,2.6199,2.3406
1e+06,2.635,2.3625
9.9999e+05,2.6503,2.3846
9.9999e+05,2.6656,2.4067
9.9999e+05,2.681,2.429
9.9999e+05,2.6965,2.4514
9.9999e+05,2.7121,2.4739
9.9999e+05,2.7278,2.4966
9.9999e+05,2.7436,2.5194
9.9999e+05,2.7595,2.5423
9.9999e+05,2.7754,2.5654
9.9999e+05,2.7915,2.5886
9.9999e+05,2.8076,2.6119
9.9999e+05,2.8239,2.6354
9.9999e+05,2.8402,2.659
9.9999e+05,2.8566,2.6827
9.9999e+05,2.8731,2.7066
9.9999e+05,2.8898,2.7306
9.9999e+05,2.9065,2.7547
9.9999e+05,2.9233,2.779
9.9999e+05,2.9402,2.8035
9.9999e+05,2.9572,2.828
9.9999e+05,2.9743,2.8527
9.9999e+05,2.9915,2.8776
9.9999e+05,3.0088,2.9026
9.9999e+05,3.0262,2.9278
9.9999e+05,3.0437,2.953
9.9999e+05,3.0613,2.9785
9.9999e+05,3.079,3.0041
9.9999e+05,3.0968,3.0298
9.9999e+05,3.1147,3.0557
9.9999e+05,3.1328,3.0817
9.9999e+05,3.1509,3.1079
9.9999e+05,3.1691,3.1342
9.9999e+05,3.1874,3.1607
9.9999e+05,3.2059,3.1873
9.9999e+05,3.2244,3.2141
9.9999e+05,3.2431,3.2411
9.9999e+05,3.2618,3.2682
9.9999e+05,3.2807,3.2955
9.9999e+05,3.2996,3.3229
9.9999e+05,3.3187,3.3504
9.9999e+05,3.3379,3.3782
9.9999e+05,3.3572,3.4061
9.9999e+05,3.3767,3.4341
9.9999e+05,3.3962,3.4624
9.9999e+05,3.4158,3.4907
9.9999e+05,3.4356,3.5193
9.9999e+05,3.4555,3.548
9.9999e+05,3.4754,3.5769
9.9999e+05,3.4955,3.6059
9.9999e+05,3.5158,3.6351
9.9999e+05,3.5361,3.6645
9.9999e+05,3.5565,3.6941
9.9999e+05,3.5771,3.7238
9.9999e+05,3.5978,3.7537
9.9999e+05,3.6186,3.7838
9.9999e+05,3.6395,3.814
9.9999e+05,3.6606,3.8444
9.9999e+05,3.6818,3.875
9.9999e+05,3.7031,3.9058
9.9999e+05,3.7245,3.9367
9.9999e+05,3.746,3.9679
9.9999e+05,3.7677,3.9992
9.9999e+05,3.7895,4.0307
9.9999e+05,3.8114,4.0623
9.9999e+05,3.8334,4.0942
9.9999e+05,3.8556,4.1262
9.9999e+05,3.8779,4.1584
9.9999e+05,3.9003,4.1908
9.9999e+05,3.9229,4.2234
9.9999e+05,3.9456,4.2562
9.9999e+05,3.9684,4.2892
9.9999e+05,3.9914,4.3224
9.9999e+05,4.0145,4.3557
9.9999e+05,4.0377,4.3893
9.9999e+05,4.061,4.423
9.9999e+05,4.0845,4.457
9.9999e+05,4.1081,4.4911
9.9999e+05,4.1319,4.5254
9.9999e+05,4.1558,4.56
9.9999e+05,4.1798,4.5947
9.9999e+05,4.204,4.6296
9.9999e+05,4.2283,4.6648
9.9999e+05,4.2528,4.7001
9.9999e+05,4.2774,4.7356
9.9999e+05,4.3021,4.7714
9.9999e+05,4.327,4.8073
9.9999e+05,4.352,4.8435
9.9999e+05,4.3772,4.8799
9.9999e+05,4.4025,4.9165
9.9999e+05,4.428,4.9533
9.9999e+05,4.4536,4.9903
9.9999e+05,4.4794,5.0275
9.9999e+05,4.5053,5.0649
9.9999e+05,4.5313,5.1026
9.9999e+05,4.5575,5.1404
9.9999e+05,4.5839,5.1785
9.9999e+05,4.6104,5.2168
9.9999e+05,4.6371,5.2554
9.9999e+05,4.6639,5.2941
9.9999e+05,4.6909,5.3331
9.9999e+05,4.718,5.3723
9.9999e+05,4.7453,5.4117
9.9999e+05,4.7727,5.4514
9.9999e+05,4.8003,5.4913
9.9999e+05,4.8281,5.5314
9.9999e+05,4.856,5.5718
9.9999e+05,4.8841,5.6123
9.9999e+05,4.9124,5.6532
9.9999e+05,4.9408,5.6942
9.9999e+05,4.9693,5.7355
9.9999e+05,4.9981,5.777
9.9999e+05,5.027,5.8188
9.9999e+05,5.0561,5.8608
9.9999e+05,5.0853,5.9031
9.9999e+05,5.1147,5.9456
9.9999e+05,5.1443,5.9883
9.9999e+05,5.1741,6.0313
9.9999e+05,5.204,6.0745
9.9999e+05,5.2341,6.118
9.9999e+05,5.2644,6.1618
9.9999e+05,5.2948,6.2058
9.9999e+05,5.3254,6.25
9.9999e+05,5.3562,6.2945
9.9999e+05,5.3872,6.3393
9.9999e+05,5.4184,6.3843
9.9999e+05,5.4497,6.4296
9.9999e+05,5.4812,6.4752
9.9999e+05,5.5129,6.521
9.9999e+05,5.5448,6.567
9.9999e+05,5.5769,6.6134
9.9999e+05,5.6091,6.66
9.9999e+05,5.6416,6.7069
9.9999e+05,5.6742,6.754
9.9999e+05,5.707,6.8014
9.9999e+05,5.74,6.8491
9.9999e+05,5.7732,6.8971
9.9999e+05,5.8066,6.9454
9.9999e+05,5.8402,6.9939
9.9999e+05,5.874,7.0427
9.9999e+05,5.908,7.0918
9.9999e+05,5.9421,7.1412
9.9999e+05,5.9765,7.1908
9.9999e+05,6.0111,7.2408
9.9999e+05,6.0458,7.291
9.9999e+05,6.0808,7.3415
9.9999e+05,6.116,7.3924
9.9999e+05,6.1514,7.4435
9.9999e+05,6.1869,7.4949
9.9999e+05,6.2227,7.5466
9.9999e+05,6.2587,7.5986
9.9999e+05,6.2949,7.6509
9.9999e+05,6.3313,7.7035
9.9999e+05,6.3679,7.7564
9.9999e+05,6.4048,7.8096
9.9999e+05,6.4418,7.8632
9.9999e+05,6.4791,7.917
9.9999e+05,6.5165,7.9711
9.9999e+05,6.5542,8.0256
9.9999e+05,6.5921,8.0804
9.9999e+05,6.6303,8.1355
9.9999e+05,6.6686,8.1909
9.9999e+05,6.7072,8.2466
9.9998e+05,6.746,8.3027
9.9998e+05,6.785,8.3591
9.9998e+05,6.8242,8.4158
9.9998e+05,6.8637,8.4728
9.9998e+05,6.9034,8.5302
9.9998e+05,6.9433,8.5879
9.9998e+05,6.9835,8.6459
9.9998e+05,7.0239,8.7042
9.9998e+05,7.0645,8.7629
9.9998e+05,7.1054,8.822
9.9998e+05,7.1465,8.8814
9.9998e+05,7.1878,8.9411
9.9998e+05,7.2294,9.0012
9.9998e+05,7.2712,9.0616
9.9998e+05,7.3132,9.1224
9.9998e+05,7.3555,9.1835
9.9998e+05,7.3981,9.2449
9.9998e+05,7.4409,9.3068
9.9998e+05,7.4839,9.369
9.9998e+05,7.5272,9.4315
9.9998e+05,7.5707,9.4944
9.9998e+05,7.6145,9.5577
9.9998e+05,7.6586,9.6213
9.9998e+05,7.7029,9.6853
9.9998e+05,7.7474,9.7497
9.9998e+05,7.7922,9.8145
9.9998e+05,7.8373,9.8796
9.9998e+05,7.8826,9.9451
9.9998e+05,7.9282,10.011
9.9998e+05,7.9741,10.077
9.9998e+05,8.0202,10.144
9.9998e+05,8.0666,10.211
9.9998e+05,8.1132,10.278
9.9998e+05,8.1602,10.346
9.9998e+05,8.2074,10.414
9.9998e+05,8.2548,10.483
9.9998e+05,8.3026,10.552
9.9998e+05,8.3506,10.621
9.9998e+05,8.3989,10.691
9.9998e+05,8.4475,10.761
9.9998e+05,8.4963,10.832
9.9998e+05,8.5455,10.903
9.9998e+05,8.5949,10.974
9.9998e+05,8.6446,11.046
9.9998e+05,8.6946,11.118
9.9998e+05,8.7449,11.191
9.9998e+05,8.7955,11.264
9.9998e+05,8.8463,11.338
9.9998e+05,8.8975,11.412
9.9998e+05,8.949,11.486
9.9998e+05,9.0007,11.561
9.9998e+05,9.0528,11.636
9.9998e+05,9.1051,11.712
9.9998e+05,9.1578,11.788
9.9998e+05,9.2108,11.864
9.9998e+05,9.264,11.941
9.9998e+05,9.3176,12.019
9.9998e+05,9.3715,12.096
9.9998e+05,9.4257,12.175
9.9998e+05,9.4802,12.254
9.9998e+05,9.5351,12.333
9.9998e+05,9.5902,12.412
9.9998e+05,9.6457,12.493
9.9998e+05,9.7015,12.573
9.9998e+05,9.7576,12.654
9.9998e+05,9.814,12.736
9.9998e+05,9.8708,12.818
9.9998e+05,9.9279,12.9
9.9998e+05,9.9853,12.983
9.9998e+05,10.043,13.067
9.9998e+05,10.101,13.151
9.9998e+05,10.16,13.235
9.9998e+05,10.218,13.32
9.9998e+05,10.277,13.405
9.9998e+05,10.337,13.491
9.9998e+05,10.397,13.578
9.9998e+05,10.457,13.665
9.9998e+05,10.517,13.752
9.9998e+05,10.578,13.84
9.9998e+05,10.639,13.928
9.9998e+05,10.701,14.017
9.9998e+05,10.763,14.107
9.9997e+05,10.825,14.197
9.9997e+05,10.888,14.287
9.9997e+05,10.951,14.378
9.9997e+05,11.014,14.47
9.9997e+05,11.078,14.562
9.9997e+05,11.142,14.654
9.9997e+05,11.206,14.747
9.9997e+05,11.271,14.841
9.9997e+05,11.336,14.935
9.9997e+05,11.402,15.03
9.9997e+05,11.468,15.125
9.9997e+05,11.534,15.221
9.9997e+05,11.601,15.317
9.9997e+05,11.668,15.414
9.9997e+05,11.735,15.512
9.9997e+05,11.803,15.61
9.9997e+05,11.871,15.709
9.9997e+05,11.94,15.808
9.9997e+05,12.009,15.908
9.9997e+05,12.079,16.008
9.9997e+05,12.148,16.109
9.9997e+05,12.219,16.21
9.9997e+05,12.289,16.313
9.9997e+05,12.36,16.415
9.9997e+05,12.432,16.519
9.9997e+05,12.504,16.623
9.9997e+05,12.576,16.727
9.9997e+05,12.649,16.832
9.9997e+05,12.722,16.938
9.9997e+05,12.796,17.044
9.9997e+05,12.87,17.151
9.9997e+05,12.944,17.259
9.9997e+05,13.019,17.367
9.9997e+05,13.094,17.476
9.9997e+05,13.17,17.585
9.9997e+05,13.246,17.695
9.9997e+05,13.323,17.806
9.9997e+05,13.4,17.917
9.9997e+05,13.477,18.029
9.9997e+05,13.555,18.142
9.9997e+05,13.634,18.255
9.9997e+05,13.712,18.369
9.9997e+05,13.792,18.484
9.9997e+05,13.872,18.599
9.9997e+05,13.952,18.715
9.9997e+05,14.032,18.831
9.9997e+05,14.114,18.949
9.9997e+05,14.195,19.067
9.9997e+05,14.277,19.185
9.9997e+05,14.36,19.305
9.9997e+05,14.443,19.425
9.9997e+05,14.526,19.545
9.9997e+05,14.611,19.667
9.9997e+05,14.695,19.789
9.9997e+05,14.78,19.912
9.9997e+05,14.865,20.035
9.9996e+05,14.951,20.159
9.9996e+05,15.038,20.284
9.9996e+05,15.125,20.41
9.9996e+05,15.212,20.536
9.9996e+05,15.3,20.664
9.9996e+05,15.389,20.791
9.9996e+05,15.478,20.92
9.9996e+05,15.567,21.049
9.9996e+05,15.657,21.18
9.9996e+05,15.748,21.31
9.9996e+05,15.839,21.442
9.9996e+05,15.931,21.574
9.9996e+05,16.023,21.707
9.9996e+05,16.115,21.841
9.9996e+05,16.209,21.976
9.9996e+05,16.302,22.112
9.9996e+05,16.397,22.248
9.9996e+05,16.492,22.385
9.9996e+05,16.587,22.523
9.9996e+05,16.683,22.661
9.9996e+05,16.779,22.801
9.9996e+05,16.876,22.941
9.9996e+05,16.974,23.082
9.9996e+05,17.072,23.224
9.9996e+05,17.171,23.367
9.9996e+05,17.27,23.51
9.9996e+05,17.37,23.654
9.9996e+05,17.471,23.8
9.9996e+05,17.572,23.946
9.9996e+05,17.673,24.092
9.9996e+05,17.775,24.24
9.9996e+05,17.878,24.389
9.9996e+05,17.982,24.538
9.9996e+05,18.086,24.688
9.9996e+05,18.19,24.839
9.9996e+05,18.295,24.992
9.9996e+05,18.401,25.144
9.9996e+05,18.508,25.298
9.9996e+05,18.615,25.453
9.9996e+05,18.722,25.608
9.9996e+05,18.831,25.765
9.9996e+05,18.94,25.922
9.9995e+05,19.049,26.081
9.9995e+05,19.159,26.24
9.9995e+05,19.27,26.4
9.9995e+05,19.382,26.561
9.9995e+05,19.494,26.723
9.9995e+05,19.606,26.886
9.9995e+05,19.72,27.05
9.9995e+05,19.834,27.215
9.9995e+05,19.949,27.38
9.9995e+05,20.064,27.547
9.9995e+05,20.18,27.715
9.9995e+05,20.297,27.883
9.9995e+05,20.414,28.053
9.9995e+05,20.532,28.224
9.9995e+05,20.651,28.395
9.9995e+05,20.77,28.568
9.9995e+05,20.891,28.741
9.9995e+05,21.011,28.916
9.9995e+05,21.133,29.092
9.9995e+05,21.255,29.268
9.9995e+05,21.378,29.446
9.9995e+05,21.502,29.624
9.9995e+05,21.626,29.804
9.9995e+05,21.751,29.985
9.9995e+05,21.877,30.167
9.9995e+05,22.003,30.35
9.9995e+05,22.131,30.533
9.9995e+05,22.259,30.718
9.9995e+05,22.387,30.904
9.9995e+05,22.517,31.091
9.9995e+05,22.647,31.28
9.9995e+05,22.778,31.469
9.9995e+05,22.91,31.659
9.9995e+05,23.042,31.851
9.9994e+05,23.176,32.043
9.9994e+05,23.31,32.237
9.9994e+05,23.444,32.432
9.9994e+05,23.58,32.628
9.9994e+05,23.716,32.825
9.9994e+05,23.854,33.023
9.9994e+05,23.992,33.222
9.9994e+05,24.13,33.423
9.9994e+05,24.27,33.625
9.9994e+05,24.41,33.827
9.9994e+05,24.551,34.031
9.9994e+05,24.693,34.237
9.9994e+05,24.836,34.443
9.9994e+05,24.98,34.651
9.9994e+05,25.124,34.859
9.9994e+05,25.27,35.069
9.9994e+05,25.416,35.28
9.9994e+05,25.563,35.493
9.9994e+05,25.711,35.707
9.9994e+05,25.859,35.921
9.9994e+05,26.009,36.138
9.9994e+05,26.159,36.355
9.9994e+05,26.311,36.574
9.9994e+05,26.463,36.793
9.9994e+05,26.616,37.015
9.9994e+05,26.77,37.237
9.9994e+05,26.925,37.461
9.9994e+05,27.08,37.686
9.9993e+05,27.237,37.912
9.9993e+05,27.394,38.14
9.9993e+05,27.553,38.369
9.9993e+05,27.712,38.599
9.9993e+05,27.873,38.831
9.9993e+05,28.034,39.063
9.9993e+05,28.196,39.298
9.9993e+05,28.359,39.533
9.9993e+05,28.523,39.77
9.9993e+05,28.688,40.009
9.9993e+05,28.854,40.249
9.9993e+05,29.021,40.49
9.9993e+05,29.189,40.732
9.9993e+05,29.357,40.976
9.9993e+05,29.527,41.221
9.9993e+05,29.698,41.468
9.9993e+05,29.87,41.716
9.9993e+05,30.042,41.966
9.9993e+05,30.216,42.217
9.9993e+05,30.391,42.47
9.9993e+05,30.567,42.724
9.9993e+05,30.743,42.979
9.9993e+05,30.921,43.236
9.9993e+05,31.1,43.495
9.9992e+05,31.28,43.754
9.9992e+05,31.461,44.016
9.9992e+05,31.643,44.279
9.9992e+05,31.826,44.543
9.9992e+05,32.01,44.809
9.9992e+05,32.195,45.077
9.9992e+05,32.381,45.346
9.9992e+05,32.568,45.616
9.9992e+05,32.757,45.889
9.9992e+05,32.946,46.162
9.9992e+05,33.137,46.438
9.9992e+05,33.328,46.715
9.9992e+05,33.521,46.993
9.9992e+05,33.715,47.273
9.9992e+05,33.91,47.555
9.9992e+05,34.106,47.839
9.9992e+05,34.303,48.124
9.9992e+05,34.502,48.41
9.9992e+05,34.701,48.699
9.9992e+05,34.902,48.989
9.9992e+05,35.104,49.28
9.9992e+05,35.307,49.574
9.9991e+05,35.511,49.869
9.9991e+05,35.717,50.166
9.9991e+05,35.923,50.464
9.9991e+05,36.131,50.764
9.9991e+05,36.34,51.066
9.9991e+05,36.55,51.37
9.9991e+05,36.761,51.675
9.9991e+05,36.974,51.983
9.9991e+05,37.188,52.292
9.9991e+05,37.403,52.602
9.9991e+05,37.619,52.915
9.9991e+05,37.837,53.229
9.9991e+05,38.056,53.546
9.9991e+05,38.276,53.864
9.9991e+05,38.497,54.184
9.9991e+05,38.72,54.505
9.9991e+05,38.944,54.829
9.9991e+05,39.169,55.154
9.9991e+05,39.395,55.482
9.999e+05,39.623,55.811
9.999e+05,39.852,56.142
9.999e+05,40.083,56.475
9.999e+05,40.315,56.81
9.999e+05,40.548,57.147
9.999e+05,40.782,57.486
9.999e+05,41.018,57.827
9.999e+05,41.255,58.17
9.999e+05,41.494,58.514
9.999e+05,41.734,58.861
9.999e+05,41.975,59.21
9.999e+05,42.218,59.561
9.999e+05,42.462,59.914
9.999e+05,42.708,60.268
9.999e+05,42.955,60.625
9.999e+05,43.203,60.984
9.999e+05,43.453,61.345
9.9989e+05,43.704,61.709
9.9989e+05,43.957,62.074
9.9989e+05,44.211,62.441
9.9989e+05,44.467,62.811
9.9989e+05,44.724,63.182
9.9989e+05,44.983,63.556
9.9989e+05,45.243,63.932
9.9989e+05,45.505,64.31
9.9989e+05,45.768,64.69
9.9989e+05,46.032,65.073
9.9989e+05,46.299,65.458
9.9989e+05,46.566,65.845
9.9989e+05,46.836,66.234
9.9989e+05,47.107,66.625
9.9989e+05,47.379,67.019
9.9988e+05,47.653,67.415
9.9988e+05,47.929,67.813
9.9988e+05,48.206,68.214
9.9988e+05,48.485,68.617
9.9988e+05,48.765,69.022
9.9988e+05,49.047,69.429
9.9988e+05,49.331,69.839
9.9988e+05,49.616,70.251
9.9988e+05,49.903,70.666
9.9988e+05,50.192,71.083
9.9988e+05,50.482,71.503
9.9988e+05,50.774,71.925
9.9988e+05,51.067,72.349
9.9988e+05,51.363,72.776
9.9988e+05,51.66,73.205
9.9987e+05,51.959,73.637
9.9987e+05,52.259,74.071
9.9987e+05,52.561,74.508
9.9987e+05,52.865,74.947
9.9987e+05,53.171,75.389
9.9987e+05,53.478,75.833
9.9987e+05,53.788,76.28
9.9987e+05,54.099,76.73
9.9987e+05,54.412,77.182
9.9987e+05,54.726,77.636
9.9987e+05,55.043,78.094
9.9987e+05,55.361,78.554
9.9987e+05,55.681,79.017
9.9986e+05,56.003,79.482
9.9986e+05,56.327,79.95
9.9986e+05,56.653,80.421
9.9986e+05,56.981,80.894
9.9986e+05,57.31,81.37
9.9986e+05,57.641,81.849
9.9986e+05,57.975,82.331
9.9986e+05,58.31,82.816
9.9986e+05,58.647,83.303
9.9986e+05,58.986,83.793
9.9986e+05,59.328,84.286
9.9986e+05,59.671,84.782
9.9985e+05,60.016,85.281
9.9985e+05,60.363,85.782
9.9985e+05,60.712,86.287
9.9985e+05,61.063,86.794
9.9985e+05,61.416,87.304
9.9985e+05,61.771,87.818
9.9985e+05,62.129,88.334
9.9985e+05,62.488,88.853
9.9985e+05,62.849,89.375
9.9985e+05,63.213,89.901
9.9985e+05,63.578,90.429
9.9985e+05,63.946,90.96
9.9984e+05,64.316,91.495
9.9984e+05,64.688,92.032
9.9984e+05,65.062,92.573
9.9984e+05,65.438,93.117
9.9984e+05,65.816,93.663
9.9984e+05,66.197,94.213
9.9984e+05,66.58,94.767
9.9984e+05,66.965,95.323
9.9984e+05,67.352,95.883
9.9984e+05,67.742,96.446
9.9983e+05,68.133,97.012
9.9983e+05,68.527,97.581
9.9983e+05,68.924,98.154
9.9983e+05,69.322,98.73
9.9983e+05,69.723,99.309
9.9983e+05,70.126,99.892
9.9983e+05,70.532,100.48
9.9983e+05,70.94,101.07
9.9983e+05,71.35,101.66
9.9983e+05,71.763,102.26
9.9982e+05,72.178,102.86
9.9982e+05,72.595,103.46
9.9982e+05,73.015,104.07
9.9982e+05,73.437,104.68
9.9982e+05,73.862,105.29
9.9982e+05,74.289,105.91
9.9982e+05,74.718,106.53
9.9982e+05,75.151,107.15
9.9982e+05,75.585,107.78
9.9982e+05,76.022,108.41
9.9981e+05,76.462,109.05
9.9981e+05,76.904,109.69
9.9981e+05,77.349,110.33
9.9981e+05,77.796,110.98
9.9981e+05,78.246,111.63
9.9981e+05,78.698,112.28
9.9981e+05,79.153,112.94
9.9981e+05,79.611,113.6
9.9981e+05,80.072,114.26
9.998e+05,80.535,114.93
9.998e+05,81,115.61
9.998e+05,81.469,116.28
9.998e+05,81.94,116.97
9.998e+05,82.414,117.65
9.998e+05,82.89,118.34
9.998e+05,83.37,119.03
9.998e+05,83.852,119.73
9.998e+05,84.337,120.43
9.9979e+05,84.824,121.13
9.9979e+05,85.315,121.84
9.9979e+05,85.808,122.56
9.9979e+05,86.304,123.27
9.9979e+05,86.803,123.99
9.9979e+05,87.305,124.72
9.9979e+05,87.81,125.45
9.9979e+05,88.318,126.18
9.9978e+05,88.829,126.92
9.9978e+05,89.342,127.66
9.9978e+05,89.859,128.41
9.9978e+05,90.379,129.16
9.9978e+05,90.901,129.92
9.9978e+05,91.427,130.68
9.9978e+05,91.956,131.44
9.9978e+05,92.487,132.21
9.9977e+05,93.022,132.98
9.9977e+05,93.56,133.76
9.9977e+05,94.101,134.54
9.9977e+05,94.645,135.33
9.9977e+05,95.193,136.12
9.9977e+05,95.743,136.91
9.9977e+05,96.297,137.71
9.9976e+05,96.853,138.52
9.9976e+05,97.414,139.33
9.9976e+05,97.977,140.14
9.9976e+05,98.543,140.96
9.9976e+05,99.113,141.78
9.9976e+05,99.686,142.61
9.9976e+05,100.26,143.45
9.9975e+05,100.84,144.28
9.9975e+05,101.43,145.13
9.9975e+05,102.01,145.97
9.9975e+05,102.6,146.83
9.9975e+05,103.2,147.68
9.9975e+05,103.79,148.55
9.9975e+05,104.39,149.41
9.9974e+05,105,150.29
9.9974e+05,105.6,151.16
9.9974e+05,106.21,152.05
9.9974e+05,106.83,152.93
9.9974e+05,107.45,153.83
9.9974e+05,108.07,154.73
9.9974e+05,108.69,155.63
9.9973e+05,109.32,156.54
9.9973e+05,109.95,157.45
9.9973e+05,110.59,158.37
9.9973e+05,111.23,159.29
9.9973e+05,111.87,160.22
9.9973e+05,112.52,161.16
9.9972e+05,113.17,162.1
9.9972e+05,113.82,163.04
9.9972e+05,114.48,164
9.9972e+05,115.14,164.95
9.9972e+05,115.81,165.91
9.9972e+05,116.48,166.88
9.9971e+05,117.15,167.86
9.9971e+05,117.83,168.84
9.9971e+05,118.51,169.82
9.9971e+05,119.2,170.81
9.9971e+05,119.88,171.81
9.9971e+05,120.58,172.81
9.997e+05,121.28,173.82
9.997e+05,121.98,174.83
9.997e+05,122.68,175.85
9.997e+05,123.39,176.87
9.997e+05,124.1,177.91
9.997e+05,124.82,178.94
9.9969e+05,125.54,179.99
9.9969e+05,126.27,181.04
9.9969e+05,127,182.09
9.9969e+05,127.73,183.15
9.9969e+05,128.47,184.22
9.9969e+05,129.22,185.29
9.9968e+05,129.96,186.37
9.9968e+05,130.71,187.46
9.9968e+05,131.47,188.55
9.9968e+05,132.23,189.65
9.9968e+05,132.99,190.76
9.9967e+05,133.76,191.87
9.9967e+05,134.54,192.99
9.9967e+05,135.32,194.11
9.9967e+05,136.1,195.24
9.9967e+05,136.88,196.38
9.9966e+05,137.68,197.52
9.9966e+05,138.47,198.67
9.9966e+05,139.27,199.83
9.9966e+05,140.08,200.99
9.9966e+05,140.89,202.16
9.9965e+05,141.7,203.34
9.9965e+05,142.52,204.53
9.9965e+05,143.35,205.72
9.9965e+05,144.17,206.92
9.9965e+05,145.01,208.12
9.9964e+05,145.85,209.33
9.9964e+05,146.69,210.55
9.9964e+05,147.54,211.78
9.9964e+05,148.39,213.01
9.9964e+05,149.25,214.25
9.9963e+05,150.11,215.5
9.9963e+05,150.98,216.75
9.9963e+05,151.85,218.01
9.9963e+05,152.73,219.28
9.9963e+05,153.61,220.56
9.9962e+05,154.5,221.84
9.9962e+05,155.4,223.13
9.9962e+05,156.29,224.43
9.9962e+05,157.2,225.74
9.9961e+05,158.11,227.05
9.9961e+05,159.02,228.37
9.9961e+05,159.94,229.7
9.9961e+05,160.86,231.04
9.9961e+05,161.79,232.38
9.996e+05,162.73,233.74
9.996e+05,163.67,235.1
9.996e+05,164.62,236.46
9.996e+05,165.57,237.84
9.9959e+05,166.53,239.22
9.9959e+05,167.49,240.62
9.9959e+05,168.46,242.02
9.9959e+05,169.43,243.42
9.9958e+05,170.41,244.84
9.9958e+05,171.4,246.26
9.9958e+05,172.39,247.7
9.9958e+05,173.38,249.14
9.9958e+05,174.39,250.59
9.9957e+05,175.39,252.04
9.9957e+05,176.41,253.51
9.9957e+05,177.43,254.98
9.9957e+05,178.45,256.47
9.9956e+05,179.49,257.96
9.9956e+05,180.52,259.46
9.9956e+05,181.57,260.97
9.9955e+05,182.62,262.48
9.9955e+05,183.67,264.01
9.9955e+05,184.73,265.54
9.9955e+05,185.8,267.09
9.9954e+05,186.88,268.64
9.9954e+05,187.96,270.2
9.9954e+05,189.04,271.77
9.9954e+05,190.14,273.35
9.9953e+05,191.24,274.94
9.9953e+05,192.34,276.54
9.9953e+05,193.45,278.15
9.9953e+05,194.57,279.77
9.9952e+05,195.7,281.39
9.9952e+05,196.83,283.03
9.9952e+05,197.97,284.67
9.9951e+05,199.11,286.33
9.9951e+05,200.26,287.99
9.9951e+05,201.42,289.66
9.9951e+05,202.58,291.35
9.995e+05,203.75,293.04
9.995e+05,204.93,294.74
9.995e+05,206.12,296.46
9.9949e+05,207.31,298.18
9.9949e+05,208.51,299.91
9.9949e+05,209.71,301.65
9.9949e+05,210.92,303.41
9.9948e+05,212.14,305.17
9.9948e+05,213.37,306.94
9.9948e+05,214.6,308.73
9.9947e+05,215.84,310.52
9.9947e+05,217.09,312.32
9.9947e+05,218.35,314.14
9.9946e+05,219.61,315.96
9.9946e+05,220.88,317.8
9.9946e+05,222.16,319.64
9.9946e+05,223.44,321.5
9.9945e+05,224.73,323.37
9.9945e+05,226.03,325.25
9.9945e+05,227.34,327.13
9.9944e+05,228.65,329.03
9.9944e+05,229.97,330.95
9.9944e+05,231.3,332.87
9.9943e+05,232.64,334.8
9.9943e+05,233.98,336.74
9.9943e+05,235.34,338.7
9.9942e+05,236.7,340.67
9.9942e+05,238.07,342.65
9.9942e+05,239.44,344.63
9.9941e+05,240.83,346.64
9.9941e+05,242.22,348.65
9.9941e+05,243.62,350.67
9.994e+05,245.03,352.71
9.994e+05,246.44,354.76
9.994e+05,247.87,356.82
9.9939e+05,249.3,358.89
9.9939e+05,250.74,360.97
9.9938e+05,252.19,363.07
9.9938e+05,253.65,365.17
9.9938e+05,255.11,367.29
9.9937e+05,256.59,369.43
9.9937e+05,258.07,371.57
9.9937e+05,259.56,373.73
9.9936e+05,261.06,375.9
9.9936e+05,262.57,378.08
9.9936e+05,264.09,380.27
9.9935e+05,265.62,382.48
9.9935e+05,267.15,384.7
9.9934e+05,268.7,386.93
9.9934e+05,270.25,389.18
9.9934e+05,271.81,391.44
9.9933e+05,273.38,393.71
9.9933e+05,274.96,395.99
9.9933e+05,276.55,398.29
9.9932e+05,278.15,400.6
9.9932e+05,279.76,402.93
9.9931e+05,281.38,405.27
9.9931e+05,283,407.62
9.9931e+05,284.64,409.98
9.993e+05,286.28,412.36
9.993e+05,287.94,414.75
9.9929e+05,289.6,417.16
9.9929e+05,291.28,419.58
9.9929e+05,292.96,422.01
9.9928e+05,294.65,424.46
9.9928e+05,296.36,426.93
9.9927e+05,298.07,429.4
9.9927e+05,299.79,431.89
9.9926e+05,301.52,434.4
9.9926e+05,303.27,436.92
9.9926e+05,305.02,439.45
9.9925e+05,306.78,442
9.9925e+05,308.55,444.57
9.9924e+05,310.34,447.15
9.9924e+05,312.13,449.74
9.9923e+05,313.94,452.35
9.9923e+05,315.75,454.97
9.9922e+05,317.57,457.61
9.9922e+05,319.41,460.26
9.9922e+05,321.26,462.93
9.9921e+05,323.11,465.62
9.9921e+05,324.98,468.32
9.992e+05,326.86,471.03
9.992e+05,328.75,473.77
9.9919e+05,330.65,476.51
9.9919e+05,332.56,479.28
9.9918e+05,334.48,482.06
9.9918e+05,336.41,484.85
9.9917e+05,338.36,487.66
9.9917e+05,340.31,490.49
9.9916e+05,342.28,493.34
9.9916e+05,344.26,496.2
9.9915e+05,346.25,499.07
9.9915e+05,348.25,501.97
9.9914e+05,350.26,504.88
9.9914e+05,352.28,507.8
9.9913e+05,354.32,510.75
9.9913e+05,356.37,513.71
9.9912e+05,358.43,516.69
9.9912e+05,360.5,519.68
9.9911e+05,362.58,522.7
9.9911e+05,364.68,525.73
9.991e+05,366.78,528.77
9.991e+05,368.9,531.84
9.9909e+05,371.04,534.92
9.9909e+05,373.18,538.02
9.9908e+05,375.34,541.14
9.9908e+05,377.51,544.28
9.9907e+05,379.69,547.43
9.9907e+05,381.88,550.61
9.9906e+05,384.09,553.8
9.9906e+05,386.31,557.01
9.9905e+05,388.54,560.24
9.9905e+05,390.78,563.48
9.9904e+05,393.04,566.75
9.9903e+05,395.31,570.04
9.9903e+05,397.6,573.34
9.9902e+05,399.9,576.66
9.9902e+05,402.21,580
9.9901e+05,404.53,583.37
9.9901e+05,406.87,586.75
9.99e+05,409.22,590.15
9.9899e+05,411.58,593.57
9.9899e+05,413.96,597.01
9.9898e+05,416.35,600.47
9.9898e+05,418.76,603.95
9.9897e+05,421.18,607.45
9.9897e+05,423.61,610.97
9.9896e+05,426.06,614.51
9.9895e+05,428.52,618.07
9.9895e+05,431,621.65
9.9894e+05,433.49,625.25
9.9894e+05,435.99,628.87
9.9893e+05,438.51,632.52
9.9892e+05,441.04,636.18
9.9892e+05,443.59,639.87
9.9891e+05,446.16,643.57
9.989e+05,448.73,647.3
9.989e+05,451.33,651.05
9.9889e+05,453.93,654.83
9.9888e+05,456.56,658.62
9.9888e+05,459.19,662.43
9.9887e+05,461.85,666.27
9.9887e+05,464.51,670.13
9.9886e+05,467.2,674.01
9.9885e+05,469.9,677.92
9.9885e+05,472.61,681.85
9.9884e+05,475.34,685.8
9.9883e+05,478.09,689.77
9.9883e+05,480.85,693.76
9.9882e+05,483.63,697.78
9.9881e+05,486.42,701.82
9.988e+05,489.23,705.89
9.988e+05,492.06,709.98
9.9879e+05,494.9,714.09
9.9878e+05,497.76,718.23
9.9878e+05,500.64,722.39
9.9877e+05,503.53,726.57
9.9876e+05,506.44,730.78
9.9876e+05,509.36,735.01
9.9875e+05,512.3,739.27
9.9874e+05,515.26,743.55
9.9873e+05,518.24,747.86
9.9873e+05,521.23,752.19
9.9872e+05,524.24,756.54
9.9871e+05,527.27,760.92
9.987e+05,530.32,765.33
9.987e+05,533.38,769.76
9.9869e+05,536.46,774.22
9.9868e+05,539.56,778.7
9.9867e+05,542.68,783.21
9.9867e+05,545.81,787.75
9.9866e+05,548.97,792.31
9.9865e+05,552.14,796.9
9.9864e+05,555.33,801.51
9.9864e+05,558.53,806.15
9.9863e+05,561.76,810.82
9.9862e+05,565,815.52
9.9861e+05,568.27,820.24
9.986e+05,571.55,824.99
9.986e+05,574.85,829.76
9.9859e+05,578.17,834.57
9.9858e+05,581.51,839.4
9.9857e+05,584.87,844.26
9.9856e+05,588.25,849.15
9.9855e+05,591.64,854.06
9.9855e+05,595.06,859.01
9.9854e+05,598.5,863.98
9.9853e+05,601.96,868.98
9.9852e+05,605.43,874.02
9.9851e+05,608.93,879.08
9.985e+05,612.44,884.16
9.9849e+05,615.98,889.28
9.9849e+05,619.54,894.43
9.9848e+05,623.12,899.61
9.9847e+05,626.72,904.82
9.9846e+05,630.33,910.05
9.9845e+05,633.98,915.32
9.9844e+05,637.64,920.62
9.9843e+05,641.32,925.95
9.9842e+05,645.02,931.31
9.9841e+05,648.75,936.7
9.9841e+05,652.49,942.12
9.984e+05,656.26,947.57
9.9839e+05,660.05,953.06
9.9838e+05,663.86,958.58
9.9837e+05,667.7,964.12
9.9836e+05,671.55,969.7
9.9835e+05,675.43,975.32
9.9834e+05,679.33,980.96
9.9833e+05,683.25,986.64
9.9832e+05,687.2,992.35
9.9831e+05,691.16,998.09
9.983e+05,695.16,1003.9
9.9829e+05,699.17,1009.7
9.9828e+05,703.21,1015.5
9.9827e+05,707.27,1021.4
9.9826e+05,711.35,1027.3
9.9825e+05,715.46,1033.3
9.9824e+05,719.59,1039.2
9.9823e+05,723.74,1045.2
9.9822e+05,727.92,1051.3
9.9821e+05,732.12,1057.4
9.982e+05,736.35,1063.5
9.9819e+05,740.6,1069.7
9.9818e+05,744.88,1075.8
9.9817e+05,749.18,1082.1
9.9816e+05,753.5,1088.3
9.9815e+05,757.85,1094.6
9.9814e+05,762.23,1101
9.9813e+05,766.63,1107.3
9.9812e+05,771.06,1113.7
9.981e+05,775.51,1120.2
9.9809e+05,779.98,1126.7
9.9808e+05,784.49,1133.2
9.9807e+05,789.01,1139.7
9.9806e+05,793.57,1146.3
9.9805e+05,798.15,1153
9.9804e+05,802.76,1159.6
9.9803e+05,807.39,1166.3
9.9801e+05,812.05,1173.1
9.98e+05,816.74,1179.9
9.9799e+05,821.45,1186.7
9.9798e+05,826.2,1193.6
9.9797e+05,830.96,1200.5
9.9796e+05,835.76,1207.4
9.9795e+05,840.59,1214.4
9.9793e+05,845.44,1221.4
9.9792e+05,850.32,1228.5
9.9791e+05,855.22,1235.6
9.979e+05,860.16,1242.7
9.9788e+05,865.13,1249.9
9.9787e+05,870.12,1257.2
9.9786e+05,875.14,1264.4
9.9785e+05,880.19,1271.7
9.9784e+05,885.27,1279.1
9.9782e+05,890.38,1286.5
9.9781e+05,895.52,1293.9
9.978e+05,900.69,1301.4
9.9779e+05,905.89,1309
9.9777e+05,911.11,1316.5
9.9776e+05,916.37,1324.1
9.9775e+05,921.66,1331.8
9.9773e+05,926.98,1339.5
9.9772e+05,932.33,1347.3
9.9771e+05,937.71,1355
9.9769e+05,943.12,1362.9
9.9768e+05,948.56,1370.8
9.9767e+05,954.03,1378.7
9.9765e+05,959.54,1386.7
9.9764e+05,965.08,1394.7
9.9763e+05,970.64,1402.7
9.9761e+05,976.25,1410.9
9.976e+05,981.88,1419
9.9759e+05,987.54,1427.2
9.9757e+05,993.24,1435.5
9.9756e+05,998.97,1443.8
9.9754e+05,1004.7,1452.1
9.9753e+05,1010.5,1460.5
9.9751e+05,1016.4,1469
9.975e+05,1022.2,1477.5
9.9749e+05,1028.1,1486
9.9747e+05,1034.1,1494.6
9.9746e+05,1040,1503.2
9.9744e+05,1046,1511.9
9.9743e+05,1052.1,1520.7
9.9741e+05,1058.1,1529.5
9.974e+05,1064.2,1538.3
9.9738e+05,1070.4,1547.2
9.9737e+05,1076.5,1556.1
9.9735e+05,1082.8,1565.1
9.9734e+05,1089,1574.2
9.9732e+05,1095.3,1583.3
9.9731e+05,1101.6,1592.4
9.9729e+05,1108,1601.7
9.9727e+05,1114.3,1610.9
9.9726e+05,1120.8,1620.2
9.9724e+05,1127.2,1629.6
9.9723e+05,1133.7,1639
9.9721e+05,1140.3,1648.5
9.972e+05,1146.9,1658
9.9718e+05,1153.5,1667.6
9.9716e+05,1160.1,1677.2
9.9715e+05,1166.8,1686.9
9.9713e+05,1173.5,1696.7
9.9711e+05,1180.3,1706.5
9.971e+05,1187.1,1716.4
9.9708e+05,1194,1726.3
9.9706e+05,1200.8,1736.3
9.9705e+05,1207.8,1746.3
9.9703e+05,1214.7,1756.4
9.9701e+05,1221.7,1766.5
9.9699e+05,1228.8,1776.8
9.9698e+05,1235.9,1787
9.9696e+05,1243,1797.4
9.9694e+05,1250.2,1807.7
9.9692e+05,1257.4,1818.2
9.9691e+05,1264.6,1828.7
9.9689e+05,1271.9,1839.3
9.9687e+05,1279.3,1849.9
9.9685e+05,1286.6,1860.6
9.9683e+05,1294,1871.3
9.9682e+05,1301.5,1882.2
9.968e+05,1309,1893
9.9678e+05,1316.6,1904
9.9676e+05,1324.1,1915
9.9674e+05,1331.8,1926
9.9672e+05,1339.5,1937.2
9.967e+05,1347.2,1948.4
9.9669e+05,1354.9,1959.6
9.9667e+05,1362.8,1970.9
9.9665e+05,1370.6,1982.3
9.9663e+05,1378.5,1993.8
9.9661e+05,1386.5,2005.3
9.9659e+05,1394.5,2016.9
9.9657e+05,1402.5,2028.6
9.9655e+05,1410.6,2040.3
9.9653e+05,1418.7,2052.1
9.9651e+05,1426.9,2063.9
9.9649e+05,1435.1,2075.8
9.9647e+05,1443.4,2087.8
9.9645e+05,1451.7,2099.9
9.9643e+05,1460.1,2112
9.9641e+05,1468.5,2124.2
9.9639e+05,1476.9,2136.5
9.9637e+05,1485.4,2148.9
9.9634e+05,1494,2161.3
9.9632e+05,1502.6,2173.8
9.963e+05,1511.3,2186.3
9.9628e+05,1520,2198.9
9.9626e+05,1528.7,2211.6
9.9624e+05,1537.6,2224.4
9.9622e+05,1546.4,2237.3
9.9619e+05,1555.3,2250.2
9.9617e+05,1564.3,2263.2
9.9615e+05,1573.3,2276.3
9.9613e+05,1582.4,2289.4
9.9611e+05,1591.5,2302.6
9.9608e+05,1600.6,2315.9
9.9606e+05,1609.9,2329.3
9.9604e+05,1619.1,2342.8
9.9602e+05,1628.5,2356.3
9.9599e+05,1637.9,2369.9
9.9597e+05,1647.3,2383.6
9.9595e+05,1656.8,2397.4
9.9592e+05,1666.3,2411.2
9.959e+05,1675.9,2425.1
9.9588e+05,1685.6,2439.1
9.9585e+05,1695.3,2453.2
9.9583e+05,1705,2467.4
9.958e+05,1714.9,2481.6
9.9578e+05,1724.7,2496
9.9575e+05,1734.7,2510.4
9.9573e+05,1744.7,2524.9
9.9571e+05,1754.7,2539.5
9.9568e+05,1764.8,2554.1
9.9566e+05,1775,2568.9
9.9563e+05,1785.2,2583.7
9.9561e+05,1795.5,2598.6
9.9558e+05,1805.8,2613.6
9.9556e+05,1816.2,2628.7
9.9553e+05,1826.7,2643.9
9.955e+05,1837.2,2659.2
9.9548e+05,1847.8,2674.5
9.9545e+05,1858.4,2690
9.9543e+05,1869.1,2705.5
9.954e+05,1879.9,2721.1
9.9537e+05,1890.7,2736.8
9.9535e+05,1901.6,2752.6
9.9532e+05,1912.5,2768.5
9.9529e+05,1923.5,2784.5
9.9526e+05,1934.6,2800.6
9.9524e+05,1945.7,2816.8
9.9521e+05,1956.9,2833
9.9518e+05,1968.2,2849.4
9.9515e+05,1979.5,2865.8
9.9513e+05,1990.9,2882.4
9.951e+05,2002.4,2899
9.9507e+05,2013.9,2915.7
9.9504e+05,2025.5,2932.6
9.9501e+05,2037.2,2949.5
9.9498e+05,2048.9,2966.5
9.9496e+05,2060.7,2983.7
9.9493e+05,2072.5,3000.9
9.949e+05,2084.5,3018.2
9.9487e+05,2096.5,3035.6
9.9484e+05,2108.5,3053.1
9.9481e+05,2120.7,3070.8
9.9478e+05,2132.9,3088.5
9.9475e+05,2145.1,3106.3
9.9472e+05,2157.5,3124.2
9.9469e+05,2169.9,3142.3
9.9466e+05,2182.4,3160.4
9.9463e+05,2194.9,3178.6
9.946e+05,2207.5,3197
9.9456e+05,2220.2,3215.4
9.9453e+05,2233,3234
9.945e+05,2245.9,3252.6
9.9447e+05,2258.8,3271.4
9.9444e+05,2271.8,3290.3
9.9441e+05,2284.8,3309.3
9.9437e+05,2298,3328.4
9.9434e+05,2311.2,3347.6
9.9431e+05,2324.5,3366.9
9.9428e+05,2337.8,3386.3
9.9424e+05,2351.3,3405.9
9.9421e+05,2364.8,3425.5
9.9418e+05,2378.4,3445.3
9.9414e+05,2392.1,3465.1
9.9411e+05,2405.8,3485.1
9.9408e+05,2419.7,3505.2
9.9404e+05,2433.6,3525.5
9.9401e+05,2447.6,3545.8
9.9397e+05,2461.6,3566.3
9.9394e+05,2475.8,3586.8
9.939e+05,2490,3607.5
9.9387e+05,2504.3,3628.3
9.9383e+05,2518.7,3649.3
9.938e+05,2533.2,3670.3
9.9376e+05,2547.8,3691.5
9.9372e+05,2562.4,3712.8
9.9369e+05,2577.1,3734.2
9.9365e+05,2592,3755.7
9.9362e+05,2606.9,3777.4
9.9358e+05,2621.8,3799.2
9.9354e+05,2636.9,3821.1
9.935e+05,2652.1,3843.1
9.9347e+05,2667.3,3865.3
9.9343e+05,2682.6,3887.6
9.9339e+05,2698,3910
9.9335e+05,2713.5,3932.5
9.9332e+05,2729.1,3955.2
9.9328e+05,2744.8,3978
9.9324e+05,2760.6,4001
9.932e+05,2776.4,4024
9.9316e+05,2792.4,4047.2
9.9312e+05,2808.4,4070.6
9.9308e+05,2824.5,4094.1
9.9304e+05,2840.8,4117.7
9.93e+05,2857.1,4141.4
9.9296e+05,2873.5,4165.3
9.9292e+05,2890,4189.3
9.9288e+05,2906.6,4213.4
9.9284e+05,2923.3,4237.7
9.928e+05,2940.1,4262.2
9.9276e+05,2957,4286.7
9.9271e+05,2973.9,4311.4
9.9267e+05,2991,4336.3
9.9263e+05,3008.2,4361.3
9.9259e+05,3025.4,4386.4
9.9255e+05,3042.8,4411.7
9.925e+05,3060.3,4437.2
9.9246e+05,3077.8,4462.7
9.9242e+05,3095.5,4488.4
9.9237e+05,3113.3,4514.3
9.9233e+05,3131.2,4540.3
9.9228e+05,3149.1,4566.5
9.9224e+05,3167.2,4592.8
9.922e+05,3185.4,4619.3
9.9215e+05,3203.6,4645.9
9.9211e+05,3222,4672.7
9.9206e+05,3240.5,4699.6
9.9201e+05,3259.1,4726.7
9.9197e+05,3277.8,4753.9
9.9192e+05,3296.6,4781.3
9.9188e+05,3315.5,4808.9
9.9183e+05,3334.5,4836.6
9.9178e+05,3353.7,4864.5
9.9173e+05,3372.9,4892.5
9.9169e+05,3392.3,4920.7
9.9164e+05,3411.7,4949
9.9159e+05,3431.3,4977.5
9.9154e+05,3451,5006.2
9.9149e+05,3470.7,5035
9.9145e+05,3490.7,5064.1
9.914e+05,3510.7,5093.2
9.9135e+05,3530.8,5122.6
9.913e+05,3551,5152.1
9.9125e+05,3571.4,5181.7
9.912e+05,3591.9,5211.6
9.9115e+05,3612.5,5241.6
9.911e+05,3633.2,5271.8
9.9104e+05,3654,5302.2
9.9099e+05,3674.9,5332.7
9.9094e+05,3696,5363.4
9.9089e+05,3717.2,5394.3
9.9084e+05,3738.5,5425.4
9.9078e+05,3759.9,5456.6
9.9073e+05,3781.5,5488
9.9068e+05,3803.1,5519.6
9.9062e+05,3824.9,5551.4
9.9057e+05,3846.8,5583.4
9.9052e+05,3868.9,5615.5
9.9046e+05,3891,5647.9
9.9041e+05,3913.3,5680.4
9.9035e+05,3935.7,5713.1
9.903e+05,3958.3,5746
9.9024e+05,3980.9,5779.1
9.9018e+05,4003.7,5812.3
9.9013e+05,4026.7,5845.8
9.9007e+05,4049.7,5879.4
9.9001e+05,4072.9,5913.3
9.8996e+05,4096.2,5947.3
9.899e+05,4119.7,5981.6
9.8984e+05,4143.3,6016
9.8978e+05,4167,6050.6
9.8972e+05,4190.8,6085.4
9.8966e+05,4214.8,6120.5
9.8961e+05,4239,6155.7
9.8955e+05,4263.2,6191.1
9.8949e+05,4287.6,6226.7
9.8943e+05,4312.2,6262.6
9.8936e+05,4336.8,6298.6
9.893e+05,4361.6,6334.9
9.8924e+05,4386.6,6371.3
9.8918e+05,4411.7,6408
9.8912e+05,4436.9,6444.8
9.8906e+05,4462.3,6481.9
9.8899e+05,4487.8,6519.2
9.8893e+05,4513.5,6556.7
9.8887e+05,4539.3,6594.4
9.888e+05,4565.3,6632.4
9.8874e+05,4591.4,6670.5
9.8867e+05,4617.6,6708.9
9.8861e+05,4644,6747.5
9.8854e+05,4670.6,6786.3
9.8848e+05,4697.3,6825.3
9.8841e+05,4724.2,6864.6
9.8834e+05,4751.2,6904.1
9.8828e+05,4778.3,6943.8
9.8821e+05,4805.6,6983.7
9.8814e+05,4833.1,7023.9
9.8808e+05,4860.7,7064.2
9.8801e+05,4888.5,7104.9
9.8794e+05,4916.4,7145.7
9.8787e+05,4944.5,7186.8
9.878e+05,4972.8,7228.1
9.8773e+05,5001.2,7269.7
9.8766e+05,5029.7,7311.5
9.8759e+05,5058.5,7353.5
9.8752e+05,5087.3,7395.8
9.8745e+05,5116.4,7438.3
9.8737e+05,5145.6,7481.1
9.873e+05,5175,7524.1
9.8723e+05,5204.6,7567.3
9.8715e+05,5234.3,7610.8
9.8708e+05,5264.1,7654.6
9.8701e+05,5294.2,7698.5
9.8693e+05,5324.4,7742.8
9.8686e+05,5354.8,7787.3
9.8678e+05,5385.4,7832
9.8671e+05,5416.1,7877
9.8663e+05,5447,7922.3
9.8655e+05,5478.1,7967.8
9.8648e+05,5509.3,8013.6
9.864e+05,5540.8,8059.7
9.8632e+05,5572.4,8106
9.8624e+05,5604.2,8152.5
9.8616e+05,5636.1,8199.4
9.8609e+05,5668.3,8246.5
9.8601e+05,5700.6,8293.8
9.8593e+05,5733.1,8341.5
9.8584e+05,5765.8,8389.4
9.8576e+05,5798.7,8437.6
9.8568e+05,5831.7,8486
9.856e+05,5865,8534.8
9.8552e+05,5898.4,8583.8
9.8543e+05,5932,8633.1
9.8535e+05,5965.8,8682.6
9.8527e+05,5999.8,8732.5
9.8518e+05,6034,8782.6
9.851e+05,6068.4,8833.1
9.8501e+05,6102.9,8883.8
9.8493e+05,6137.7,8934.8
9.8484e+05,6172.7,8986.1
9.8475e+05,6207.8,9037.7
9.8467e+05,6243.2,9089.5
9.8458e+05,6278.7,9141.7
9.8449e+05,6314.5,9194.2
9.844e+05,6350.4,9247
9.8431e+05,6386.6,9300
9.8422e+05,6422.9,9353.4
9.8413e+05,6459.5,9407.1
9.8404e+05,6496.2,9461.1
9.8395e+05,6533.2,9515.4
9.8386e+05,6570.4,9570
9.8377e+05,6607.8,9624.9
9.8367e+05,6645.4,9680.1
9.8358e+05,6683.2,9735.6
9.8349e+05,6721.2,9791.5
9.8339e+05,6759.4,9847.6
9.833e+05,6797.8,9904.1
9.832e+05,6836.5,9960.9
9.8311e+05,6875.4,10018
9.8301e+05,6914.5,10076
9.8291e+05,6953.8,10133
9.8282e+05,6993.3,10191
9.8272e+05,7033,10250
9.8262e+05,7073,10309
9.8252e+05,7113.2,10368
9.8242e+05,7153.6,10427
9.8232e+05,7194.2,10487
9.8222e+05,7235.1,10547
9.8212e+05,7276.2,10608
9.8201e+05,7317.5,10668
9.8191e+05,7359.1,10730
9.8181e+05,7400.9,10791
9.817e+05,7442.9,10853
9.816e+05,7485.1,10915
9.8149e+05,7527.6,10978
9.8139e+05,7570.4,11041
9.8128e+05,7613.3,11104
9.8118e+05,7656.5,11167
9.8107e+05,7700,11231
9.8096e+05,7743.6,11296
9.8085e+05,7787.6,11360
9.8074e+05,7831.7,11426
9.8063e+05,7876.2,11491
9.8052e+05,7920.8,11557
9.8041e+05,7965.7,11623
9.803e+05,8010.9,11690
9.8019e+05,8056.3,11757
9.8007e+05,8102,11824
9.7996e+05,8147.9,11892
9.7985e+05,8194.1,11960
9.7973e+05,8240.5,12028
9.7962e+05,8287.2,12097
9.795e+05,8334.1,12166
9.7938e+05,8381.3,12236
9.7927e+05,8428.8,12306
9.7915e+05,8476.5,12376
9.7903e+05,8524.5,12447
9.7891e+05,8572.8,12518
9.7879e+05,8621.3,12590
9.7867e+05,8670.1,12662
9.7855e+05,8719.1,12735
9.7842e+05,8768.5,12807
9.783e+05,8818.1,12881
9.7818e+05,8868,12954
9.7805e+05,8918.1,13029
9.7793e+05,8968.6,13103
9.778e+05,9019.3,13178
9.7768e+05,9070.3,13253
9.7755e+05,9121.5,13329
9.7742e+05,9173.1,13405
9.7729e+05,9224.9,13482
9.7716e+05,9277.1,13559
9.7703e+05,9329.5,13637
9.769e+05,9382.2,13715
9.7677e+05,9435.2,13793
9.7664e+05,9488.5,13872
9.7651e+05,9542.1,13951
9.7637e+05,9595.9,14031
9.7624e+05,9650.1,14111
9.761e+05,9704.6,14192
9.7597e+05,9759.4,14273
9.7583e+05,9814.4,14354
9.7569e+05,9869.8,14436
9.7556e+05,9925.5,14519
9.7542e+05,9981.5,14602
9.7528e+05,10038,14685
9.7514e+05,10094,14769
9.75e+05,10151,14854
9.7485e+05,10209,14938
9.7471e+05,10266,15024
9.7457e+05,10324,15109
9.7442e+05,10382,15196
9.7428e+05,10441,15283
9.7413e+05,10499,15370
9.7398e+05,10559,15457
9.7384e+05,10618,15546
9.7369e+05,10678,15634
9.7354e+05,10738,15724
9.7339e+05,10798,15813
9.7324e+05,10859,15904
9.7309e+05,10920,15994
9.7293e+05,10982,16086
9.7278e+05,11043,16177
9.7262e+05,11106,16270
9.7247e+05,11168,16363
9.7231e+05,11231,16456
9.7216e+05,11294,16550
9.72e+05,11357,16644
9.7184e+05,11421,16739
9.7168e+05,11485,16834
9.7152e+05,11550,16930
9.7136e+05,11615,17027
9.712e+05,11680,17124
9.7103e+05,11746,17222
9.7087e+05,11812,17320
9.707e+05,11878,17418
9.7054e+05,11944,17518
9.7037e+05,12012,17618
9.702e+05,12079,17718
9.7003e+05,12147,17819
9.6986e+05,12215,17920
9.6969e+05,12283,18022
9.6952e+05,12352,18125
9.6935e+05,12421,18228
9.6918e+05,12491,18332
9.69e+05,12561,18437
9.6883e+05,12631,18541
9.6865e+05,12702,18647
9.6847e+05,12773,18753
9.683e+05,12845,18860
9.6812e+05,12917,18967
9.6794e+05,12989,19075
9.6775e+05,13062,19184
9.6757e+05,13135,19293
9.6739e+05,13208,19403
9.6721e+05,13282,19513
9.6702e+05,13356,19624
9.6683e+05,13431,19736
9.6665e+05,13506,19848
9.6646e+05,13581,19961
9.6627e+05,13657,20074
9.6608e+05,13734,20188
9.6589e+05,13810,20303
9.6569e+05,13887,20419
9.655e+05,13965,20535
9.6531e+05,14043,20651
9.6511e+05,14121,20769
9.6491e+05,14200,20887
9.6472e+05,14279,21005
9.6452e+05,14359,21125
9.6432e+05,14439,21245
9.6412e+05,14519,21365
9.6391e+05,14600,21487
9.6371e+05,14682,21609
9.6351e+05,14763,21731
9.633e+05,14846,21855
9.6309e+05,14928,21979
9.6289e+05,15011,22103
9.6268e+05,15095,22229
9.6247e+05,15179,22355
9.6225e+05,15263,22482
9.6204e+05,15348,22609
9.6183e+05,15434,22738
9.6161e+05,15519,22867
9.614e+05,15606,22996
9.6118e+05,15692,23127
9.6096e+05,15780,23258
9.6074e+05,15867,23390
9.6052e+05,15955,23522
9.603e+05,16044,23656
9.6008e+05,16133,23790
9.5985e+05,16222,23925
9.5963e+05,16312,24060
9.594e+05,16403,24196
9.5917e+05,16494,24334
9.5894e+05,16585,24471
9.5871e+05,16677,24610
9.5848e+05,16770,24749
9.5825e+05,16863,24889
9.5801e+05,16956,25030
9.5778e+05,17050,25172
9.5754e+05,17144,25315
9.573e+05,17239,25458
9.5706e+05,17334,25602
9.5682e+05,17430,25747
9.5658e+05,17527,25892
9.5634e+05,17624,26039
9.5609e+05,17721,26186
9.5585e+05,17819,26334
9.556e+05,17917,26483
9.5535e+05,18016,26633
9.551e+05,18116,26783
9.5485e+05,18216,26935
9.546e+05,18316,27087
9.5434e+05,18417,27240
9.5409e+05,18519,27394
9.5383e+05,18621,27549
9.5357e+05,18724,27704
9.5331e+05,18827,27861
9.5305e+05,18930,28018
9.5279e+05,19035,28176
9.5253e+05,19139,28335
9.5226e+05,19245,28495
9.5199e+05,19351,28656
9.5173e+05,19457,28818
9.5146e+05,19564,28980
9.5118e+05,19672,29144
9.5091e+05,19780,29308
9.5064e+05,19888,29473
9.5036e+05,19998,29640
9.5009e+05,20108,29807
9.4981e+05,20218,29975
9.4953e+05,20329,30144
9.4925e+05,20440,30314
9.4896e+05,20552,30484
9.4868e+05,20665,30656
9.4839e+05,20778,30829
9.4811e+05,20892,31002
9.4782e+05,21007,31177
9.4753e+05,21122,31353
9.4723e+05,21237,31529
9.4694e+05,21354,31706
9.4664e+05,21470,31885
9.4635e+05,21588,32064
9.4605e+05,21706,32245
9.4575e+05,21824,32426
9.4545e+05,21944,32608
9.4514e+05,22063,32792
9.4484e+05,22184,32976
9.4453e+05,22305,33162
9.4423e+05,22427,33348
9.4392e+05,22549,33535
9.436e+05,22672,33724
9.4329e+05,22795,33913
9.4298e+05,22920,34104
9.4266e+05,23045,34295
9.4234e+05,23170,34488
9.4202e+05,23296,34681
9.417e+05,23423,34876
9.4138e+05,23550,35072
9.4105e+05,23678,35269
9.4073e+05,23807,35466
9.404e+05,23936,35665
9.4007e+05,24066,35865
9.3974e+05,24197,36066
9.394e+05,24328,36269
9.3907e+05,24460,36472
9.3873e+05,24593,36676
9.3839e+05,24726,36882
9.3805e+05,24860,37088
9.3771e+05,24995,37296
9.3736e+05,25130,37505
9.3702e+05,25266,37715
9.3667e+05,25403,37926
9.3632e+05,25540,38138
9.3597e+05,25678,38352
9.3562e+05,25817,38566
9.3526e+05,25957,38782
9.349e+05,26097,38999
9.3455e+05,26238,39217
9.3418e+05,26379,39436
9.3382e+05,26522,39657
9.3346e+05,26665,39878
9.3309e+05,26808,40101
9.3272e+05,26953,40325
9.3235e+05,27098,40550
9.3198e+05,27244,40777
9.3161e+05,27390,41004
9.3123e+05,27537,41233
9.3085e+05,27685,41463
9.3047e+05,27834,41695
9.3009e+05,27984,41927
9.2971e+05,28134,42161
9.2932e+05,28285,42396
9.2893e+05,28437,42632
9.2854e+05,28589,42870
9.2815e+05,28742,43109
9.2775e+05,28896,43349
9.2736e+05,29051,43591
9.2696e+05,29207,43833
9.2656e+05,29363,44077
9.2616e+05,29520,44323
9.2575e+05,29678,44569
9.2535e+05,29836,44817
9.2494e+05,29995,45067
9.2453e+05,30156,45317
9.2411e+05,30316,45569
9.237e+05,30478,45822
9.2328e+05,30640,46077
9.2286e+05,30804,46333
9.2244e+05,30968,46591
9.2202e+05,31133,46849
9.2159e+05,31298,47109
9.2116e+05,31465,47371
9.2073e+05,31632,47634
9.203e+05,31800,47898
9.1987e+05,31969,48164
9.1943e+05,32138,48431
9.1899e+05,32309,48699
9.1855e+05,32480,48969
9.1811e+05,32652,49241
9.1766e+05,32825,49514
9.1721e+05,32999,49788
9.1676e+05,33173,50064
9.1631e+05,33349,50341
9.1586e+05,33525,50619
9.154e+05,33702,50900
9.1494e+05,33880,51181
9.1448e+05,34059,51464
9.1401e+05,34238,51749
9.1355e+05,34419,52035
9.1308e+05,34600,52322
9.1261e+05,34782,52612
9.1213e+05,34965,52902
9.1166e+05,35149,53194
9.1118e+05,35334,53488
9.107e+05,35519,53783
9.1021e+05,35706,54080
9.0973e+05,35893,54378
9.0924e+05,36082,54678
9.0875e+05,36271,54980
9.0826e+05,36461,55283
9.0776e+05,36652,55587
9.0726e+05,36843,55894
9.0676e+05,37036,56201
9.0626e+05,37229,56511
9.0575e+05,37424,56822
9.0525e+05,37619,57135
9.0474e+05,37816,57449
9.0422e+05,38013,57765
9.0371e+05,38211,58082
9.0319e+05,38410,58402
9.0267e+05,38610,58723
9.0214e+05,38810,59045
9.0162e+05,39012,59369
9.0109e+05,39215,59695
9.0056e+05,39418,60023
9.0002e+05,39623,60352
8.9949e+05,39828,60683
8.9895e+05,40035,61016
8.9841e+05,40242,61351
8.9786e+05,40450,61687
8.9732e+05,40659,62025
8.9677e+05,40869,62364
8.9621e+05,41080,62706
8.9566e+05,41292,63049
8.951e+05,41505,63394
8.9454e+05,41719,63741
8.9398e+05,41934,64089
8.9341e+05,42150,64440
8.9284e+05,42367,64792
8.9227e+05,42585,65146
8.9169e+05,42803,65502
8.9112e+05,43023,65859
8.9054e+05,43244,66219
8.8995e+05,43465,66580
8.8937e+05,43688,66943
8.8878e+05,43912,67308
8.8819e+05,44136,67675
8.8759e+05,44362,68044
8.87e+05,44588,68414
8.864e+05,44816,68787
8.8579e+05,45044,69161
8.8519e+05,45274,69538
8.8458e+05,45504,69916
8.8397e+05,45736,70296
8.8335e+05,45969,70678
8.8274e+05,46202,71062
8.8212e+05,46437,71448
8.8149e+05,46672,71836
8.8087e+05,46909,72226
8.8024e+05,47146,72618
8.796e+05,47385,73012
8.7897e+05,47625,73408
8.7833e+05,47865,73806
8.7769e+05,48107,74206
8.7704e+05,48350,74607
8.764e+05,48593,75011
8.7574e+05,48838,75417
8.7509e+05,49084,75825
8.7443e+05,49331,76235
8.7377e+05,49579,76648
8.7311e+05,49828,77062
8.7244e+05,50078,77478
8.7178e+05,50329,77896
8.711e+05,50581,78317
8.7043e+05,50834,78739
8.6975e+05,51088,79164
8.6907e+05,51343,79591
8.6838e+05,51599,80020
8.6769e+05,51857,80451
8.67e+05,52115,80884
8.6631e+05,52374,81319
8.6561e+05,52635,81757
8.6491e+05,52897,82197
8.642e+05,53159,82639
8.6349e+05,53423,83083
8.6278e+05,53688,83529
8.6207e+05,53953,83977
8.6135e+05,54220,84428
8.6063e+05,54488,84881
8.5991e+05,54757,85336
8.5918e+05,55027,85794
8.5845e+05,55299,86253
8.5771e+05,55571,86715
8.5698e+05,55844,87180
8.5624e+05,56119,87646
8.5549e+05,56394,88115
8.5474e+05,56671,88586
8.5399e+05,56948,89059
8.5324e+05,57227,89535
8.5248e+05,57507,90013
8.5172e+05,57788,90494
8.5095e+05,58070,90976
8.5019e+05,58353,91461
8.4941e+05,58638,91949
8.4864e+05,58923,92439
8.4786e+05,59209,92931
8.4708e+05,59497,93426
8.4629e+05,59785,93923
8.455e+05,60075,94422
8.4471e+05,60366,94924
8.4391e+05,60658,95428
8.4311e+05,60951,95935
8.4231e+05,61245,96444
8.415e+05,61540,96956
8.4069e+05,61837,97470
8.3988e+05,62134,97986
8.3906e+05,62433,98505
8.3824e+05,62732,99027
8.3742e+05,63033,99551
8.3659e+05,63335,1.0008e+05
8.3576e+05,63638,1.0061e+05
8.3492e+05,63942,1.0114e+05
8.3408e+05,64247,1.0167e+05
8.3324e+05,64553,1.0221e+05
8.3239e+05,64861,1.0275e+05
8.3154e+05,65169,1.0329e+05
8.3069e+05,65479,1.0383e+05
8.2983e+05,65790,1.0438e+05
8.2897e+05,66101,1.0493e+05
8.281e+05,66414,1.0548e+05
8.2723e+05,66728,1.0604e+05
8.2636e+05,67044,1.0659e+05
8.2549e+05,67360,1.0715e+05
8.2461e+05,67677,1.0772e+05
8.2372e+05,67996,1.0828e+05
8.2283e+05,68315,1.0885e+05
8.2194e+05,68636,1.0942e+05
8.2105e+05,68958,1.0999e+05
8.2015e+05,69281,1.1057e+05
8.1925e+05,69605,1.1115e+05
8.1834e+05,69930,1.1173e+05
8.1743e+05,70256,1.1231e+05
8.1651e+05,70583,1.129e+05
8.156e+05,70912,1.1349e+05
8.1467e+05,71241,1.1408e+05
8.1375e+05,71572,1.1468e+05
8.1282e+05,71904,1.1528e+05
8.1189e+05,72237,1.1588e+05
8.1095e+05,72571,1.1648e+05
8.1001e+05,72906,1.1709e+05
8.0906e+05,73242,1.177e+05
8.0811e+05,73579,1.1831e+05
8.0716e+05,73917,1.1892e+05
8.062e+05,74257,1.1954e+05
8.0524e+05,74597,1.2016e+05
8.0428e+05,74939,1.2078e+05
8.0331e+05,75281,1.2141e+05
8.0234e+05,75625,1.2204e+05
8.0136e+05,75970,1.2267e+05
8.0038e+05,76316,1.233e+05
7.994e+05,76663,1.2394e+05
7.9841e+05,77011,1.2458e+05
7.9742e+05,77360,1.2522e+05
7.9642e+05,77710,1.2587e+05
7.9542e+05,78062,1.2652e+05
7.9441e+05,78414,1.2717e+05
7.9341e+05,78768,1.2783e+05
7.9239e+05,79122,1.2848e+05
7.9138e+05,79478,1.2915e+05
7.9036e+05,79834,1.2981e+05
7.8933e+05,80192,1.3048e+05
7.883e+05,80551,1.3115e+05
7.8727e+05,80910,1.3182e+05
7.8623e+05,81271,1.3249e+05
7.8519e+05,81633,1.3317e+05
7.8415e+05,81996,1.3385e+05
7.831e+05,82360,1.3454e+05
7.8205e+05,82725,1.3523e+05
7.8099e+05,83091,1.3592e+05
7.7993e+05,83458,1.3661e+05
7.7886e+05,83826,1.3731e+05
7.778e+05,84195,1.3801e+05
7.7672e+05,84565,1.3871e+05
7.7564e+05,84936,1.3942e+05
7.7456e+05,85309,1.4013e+05
7.7348e+05,85682,1.4084e+05
7.7239e+05,86056,1.4156e+05
7.7129e+05,86431,1.4227e+05
7.702e+05,86807,1.43e+05
7.6909e+05,87184,1.4372e+05
7.6799e+05,87563,1.4445e+05
7.6688e+05,87942,1.4518e+05
7.6576e+05,88322,1.4592e+05
7.6464e+05,88703,1.4665e+05
7.6352e+05,89085,1.4739e+05
7.6239e+05,89468,1.4814e+05
7.6126e+05,89852,1.4888e+05
7.6013e+05,90237,1.4964e+05
7.5899e+05,90623,1.5039e+05
7.5785e+05,91009,1.5115e+05
7.567e+05,91397,1.5191e+05
7.5555e+05,91786,1.5267e+05
7.5439e+05,92176,1.5344e+05
7.5323e+05,92566,1.5421e+05
7.5206e+05,92958,1.5498e+05
7.509e+05,93350,1.5575e+05
7.4972e+05,93743,1.5653e+05
7.4855e+05,94137,1.5732e+05
7.4736e+05,94532,1.581e+05
7.4618e+05,94928,1.5889e+05
7.4499e+05,95325,1.5969e+05
7.438e+05,95723,1.6048e+05
7.426e+05,96122,1.6128e+05
7.414e+05,96521,1.6208e+05
7.4019e+05,96921,1.6289e+05
7.3898e+05,97323,1.637e+05
7.3776e+05,97725,1.6451e+05
7.3655e+05,98127,1.6533e+05
7.3532e+05,98531,1.6615e+05
7.341e+05,98936,1.6697e+05
7.3286e+05,99341,1.678e+05
7.3163e+05,99747,1.6863e+05
7.3039e+05,1.0015e+05,1.6946e+05
7.2914e+05,1.0056e+05,1.7029e+05
7.279e+05,1.0097e+05,1.7113e+05
7.2664e+05,1.0138e+05,1.7198e+05
7.2539e+05,1.0179e+05,1.7282e+05
7.2413e+05,1.022e+05,1.7367e+05
7.2286e+05,1.0261e+05,1.7453e+05
7.2159e+05,1.0302e+05,1.7538e+05
7.2032e+05,1.0344e+05,1.7624e+05
7.1904e+05,1.0385e+05,1.7711e+05
7.1776e+05,1.0427e+05,1.7797e+05
7.1647e+05,1.0468e+05,1.7885e+05
7.1518e+05,1.051e+05,1.7972e+05
7.1389e+05,1.0551e+05,1.806e+05
7.1259e+05,1.0593e+05,1.8148e+05
7.1129e+05,1.0635e+05,1.8236e+05
7.0998e+05,1.0677e+05,1.8325e+05
7.0867e+05,1.0719e+05,1.8414e+05
7.0736e+05,1.0761e+05,1.8504e+05
7.0604e+05,1.0803e+05,1.8594e+05
7.0471e+05,1.0845e+05,1.8684e+05
7.0339e+05,1.0887e+05,1.8774e+05
7.0206e+05,1.0929e+05,1.8865e+05
7.0072e+05,1.0972e+05,1.8956e+05
6.9938e+05,1.1014e+05,1.9048e+05
6.9804e+05,1.1056e+05,1.914e+05
6.9669e+05,1.1099e+05,1.9232e+05
6.9534e+05,1.1141e+05,1.9325e+05
6.9398e+05,1.1184e+05,1.9418e+05
6.9262e+05,1.1227e+05,1.9511e+05
6.9126e+05,1.1269e+05,1.9605e+05
6.8989e+05,1.1312e+05,1.9699e+05
6.8852e+05,1.1355e+05,1.9794e+05
6.8714e+05,1.1398e+05,1.9888e+05
6.8576e+05,1.144e+05,1.9984e+05
6.8437e+05,1.1483e+05,2.0079e+05
6.8299e+05,1.1526e+05,2.0175e+05
6.8159e+05,1.1569e+05,2.0271e+05
6.802e+05,1.1613e+05,2.0368e+05
6.788e+05,1.1656e+05,2.0465e+05
6.7739e+05,1.1699e+05,2.0562e+05
6.7598e+05,1.1742e+05,2.066e+05
6.7457e+05,1.1785e+05,2.0758e+05
6.7315e+05,1.1828e+05,2.0856e+05
6.7173e+05,1.1872e+05,2.0955e+05
6.7031e+05,1.1915e+05,2.1054e+05
6.6888e+05,1.1959e+05,2.1154e+05
6.6745e+05,1.2002e+05,2.1253e+05
6.6601e+05,1.2045e+05,2.1354e+05
6.6457e+05,1.2089e+05,2.1454e+05
6.6313e+05,1.2132e+05,2.1555e+05
6.6168e+05,1.2176e+05,2.1656e+05
6.6023e+05,1.2219e+05,2.1758e+05
6.5877e+05,1.2263e+05,2.186e+05
6.5731e+05,1.2307e+05,2.1962e+05
6.5585e+05,1.235e+05,2.2065e+05
6.5438e+05,1.2394e+05,2.2168e+05
6.5291e+05,1.2438e+05,2.2272e+05
6.5143e+05,1.2481e+05,2.2375e+05
6.4995e+05,1.2525e+05,2.248e+05
6.4847e+05,1.2569e+05,2.2584e+05
6.4699e+05,1.2612e+05,2.2689e+05
6.455e+05,1.2656e+05,2.2794e+05
6.44e+05,1.27e+05,2.29e+05
6.425e+05,1.2744e+05,2.3006e+05
6.41e+05,1.2787e+05,2.3112e+05
6.395e+05,1.2831e+05,2.3219e+05
6.3799e+05,1.2875e+05,2.3326e+05
6.3648e+05,1.2919e+05,2.3434e+05
6.3496e+05,1.2962e+05,2.3542e+05
6.3344e+05,1.3006e+05,2.365e+05
6.3192e+05,1.305e+05,2.3758e+05
6.3039e+05,1.3094e+05,2.3867e+05
6.2886e+05,1.3137e+05,2.3977e+05
6.2733e+05,1.3181e+05,2.4086e+05
6.2579e+05,1.3225e+05,2.4196e+05
6.2425e+05,1.3269e+05,2.4307e+05
6.227e+05,1.3312e+05,2.4417e+05
6.2115e+05,1.3356e+05,2.4529e+05
6.196e+05,1.34e+05,2.464e+05
6.1805e+05,1.3443e+05,2.4752e+05
6.1649e+05,1.3487e+05,2.4864e+05
6.1493e+05,1.3531e+05,2.4977e+05
6.1336e+05,1.3574e+05,2.509e+05
6.1179e+05,1.3618e+05,2.5203e+05
6.1022e+05,1.3661e+05,2.5317e+05
6.0864e+05,1.3705e+05,2.5431e+05
6.0706e+05,1.3749e+05,2.5545e+05
6.0548e+05,1.3792e+05,2.566e+05
6.039e+05,1.3835e+05,2.5775e+05
6.0231e+05,1.3879e+05,2.589e+05
6.0072e+05,1.3922e+05,2.6006e+05
5.9912e+05,1.3966e+05,2.6122e+05
5.9752e+05,1.4009e+05,2.6239e+05
5.9592e+05,1.4052e+05,2.6356e+05
5.9431e+05,1.4095e+05,2.6473e+05
5.9271e+05,1.4139e+05,2.6591e+05
5.911e+05,1.4182e+05,2.6709e+05
5.8948e+05,1.4225e+05,2.6827e+05
5.8786e+05,1.4268e+05,2.6946e+05
5.8624e+05,1.4311e+05,2.7065e+05
5.8462e+05,1.4354e+05,2.7184e+05
5.8299e+05,1.4396e+05,2.7304e+05
5.8136e+05,1.4439e+05,2.7424e+05
5.7973e+05,1.4482e+05,2.7545e+05
5.781e+05,1.4525e+05,2.7666e+05
5.7646e+05,1.4567e+05,2.7787e+05
5.7482e+05,1.461e+05,2.7908e+05
5.7317e+05,1.4652e+05,2.803e+05
5.7153e+05,1.4695e+05,2.8153e+05
5.6988e+05,1.4737e+05,2.8275e+05
5.6822e+05,1.4779e+05,2.8398e+05
5.6657e+05,1.4821e+05,2.8522e+05
5.6491e+05,1.4864e+05,2.8645e+05
5.6325e+05,1.4906e+05,2.8769e+05
5.6159e+05,1.4948e+05,2.8894e+05
5.5992e+05,1.4989e+05,2.9018e+05
5.5825e+05,1.5031e+05,2.9144e+05
5.5658e+05,1.5073e+05,2.9269e+05
5.5491e+05,1.5114e+05,2.9395e+05
5.5323e+05,1.5156e+05,2.9521e+05
5.5155e+05,1.5197e+05,2.9647e+05
5.4987e+05,1.5239e+05,2.9774e+05
5.4819e+05,1.528e+05,2.9901e+05
5.465e+05,1.5321e+05,3.0029e+05
5.4481e+05,1.5362e+05,3.0157e+05
5.4312e+05,1.5403e+05,3.0285e+05
5.4143e+05,1.5444e+05,3.0413e+05
5.3973e+05,1.5484e+05,3.0542e+05
5.3804e+05,1.5525e+05,3.0672e+05
5.3634e+05,1.5565e+05,3.0801e+05
5.3463e+05,1.5606e+05,3.0931e+05
5.3293e+05,1.5646e+05,3.1061e+05
5.3122e+05,1.5686e+05,3.1192e+05
5.2951e+05,1.5726e+05,3.1323e+05
5.278e+05,1.5766e+05,3.1454e+05
5.2609e+05,1.5806e+05,3.1585e+05
5.2438e+05,1.5845e+05,3.1717e+05
5.2266e+05,1.5885e+05,3.1849e+05
5.2094e+05,1.5924e+05,3.1982e+05
5.1922e+05,1.5963e+05,3.2115e+05
5.175e+05,1.6002e+05,3.2248e+05
5.1577e+05,1.6041e+05,3.2382e+05
5.1405e+05,1.608e+05,3.2515e+05
5.1232e+05,1.6119e+05,3.265e+05
5.1059e+05,1.6157e+05,3.2784e+05
5.0886e+05,1.6195e+05,3.2919e+05
5.0712e+05,1.6234e+05,3.3054e+05
5.0539e+05,1.6272e+05,3.3189e+05
5.0365e+05,1.631e+05,3.3325e+05
5.0191e+05,1.6347e+05,3.3461e+05
5.0018e+05,1.6385e+05,3.3598e+05
4.9843e+05,1.6422e+05,3.3734e+05
4.9669e+05,1.646e+05,3.3871e+05
4.9495e+05,1.6497e+05,3.4009e+05
4.932e+05,1.6534e+05,3.4146e+05
4.9146e+05,1.657e+05,3.4284e+05
4.8971e+05,1.6607e+05,3.4422e+05
4.8796e+05,1.6643e+05,3.4561e+05
4.8621e+05,1.6679e+05,3.47e+05
4.8446e+05,1.6715e+05,3.4839e+05
4.827e+05,1.6751e+05,3.4978e+05
4.8095e+05,1.6787e+05,3.5118e+05
4.7919e+05,1.6822e+05,3.5258e+05
4.7744e+05,1.6858e+05,3.5399e+05
4.7568e+05,1.6893e+05,3.5539e+05
4.7392e+05,1.6928e+05,3.568e+05
4.7216e+05,1.6962e+05,3.5821e+05
4.704e+05,1.6997e+05,3.5963e+05
4.6864e+05,1.7031e+05,3.6105e+05
4.6688e+05,1.7065e+05,3.6247e+05
4.6512e+05,1.7099e+05,3.6389e+05
4.6335e+05,1.7133e+05,3.6532e+05
4.6159e+05,1.7166e+05,3.6675e+05
4.5983e+05,1.72e+05,3.6818e+05
4.5806e+05,1.7233e+05,3.6961e+05
4.5629e+05,1.7266e+05,3.7105e+05
4.5453e+05,1.7298e+05,3.7249e+05
4.5276e+05,1.7331e+05,3.7393e+05
4.5099e+05,1.7363e+05,3.7538e+05
4.4923e+05,1.7395e+05,3.7683e+05
4.4746e+05,1.7427e+05,3.7828e+05
4.4569e+05,1.7458e+05,3.7973e+05
4.4392e+05,1.7489e+05,3.8119e+05
4.4215e+05,1.752e+05,3.8265e+05
4.4038e+05,1.7551e+05,3.8411e+05
4.3861e+05,1.7582e+05,3.8557e+05
4.3684e+05,1.7612e+05,3.8704e+05
4.3507e+05,1.7642e+05,3.8851e+05
4.333e+05,1.7672e+05,3.8998e+05
4.3153e+05,1.7702e+05,3.9145e+05
4.2976e+05,1.7731e+05,3.9293e+05
4.2799e+05,1.776e+05,3.9441e+05
4.2622e+05,1.7789e+05,3.9589e+05
4.2445e+05,1.7818e+05,3.9737e+05
4.2268e+05,1.7846e+05,3.9886e+05
4.2091e+05,1.7874e+05,4.0035e+05
4.1914e+05,1.7902e+05,4.0184e+05
4.1738e+05,1.793e+05,4.0333e+05
4.1561e+05,1.7957e+05,4.0482e+05
4.1384e+05,1.7984e+05,4.0632e+05
4.1207e+05,1.8011e+05,4.0782e+05
4.103e+05,1.8037e+05,4.0932e+05
4.0854e+05,1.8063e+05,4.1083e+05
4.0677e+05,1.8089e+05,4.1233e+05
4.0501e+05,1.8115e+05,4.1384e+05
4.0324e+05,1.814e+05,4.1535e+05
4.0148e+05,1.8165e+05,4.1687e+05
3.9972e+05,1.819e+05,4.1838e+05
3.9795e+05,1.8215e+05,4.199e+05
3.9619e+05,1.8239e+05,4.2142e+05
3.9443e+05,1.8263e+05,4.2294e+05
3.9267e+05,1.8287e+05,4.2446e+05
3.9091e+05,1.831e+05,4.2599e+05
3.8915e+05,1.8333e+05,4.2751e+05
3.874e+05,1.8356e+05,4.2904e+05
3.8564e+05,1.8379e+05,4.3057e+05
3.8389e+05,1.8401e+05,4.321e+05
3.8213e+05,1.8423e+05,4.3364e+05
3.8038e+05,1.8444e+05,4.3517e+05
3.7863e+05,1.8466e+05,4.3671e+05
3.7688e+05,1.8487e+05,4.3825e+05
3.7513e+05,1.8507e+05,4.3979e+05
3.7339e+05,1.8528e+05,4.4134e+05
3.7164e+05,1.8548e+05,4.4288e+05
3.699e+05,1.8567e+05,4.4443e+05
3.6816e+05,1.8587e+05,4.4598e+05
3.6641e+05,1.8606e+05,4.4753e+05
3.6468e+05,1.8625e+05,4.4908e+05
3.6294e+05,1.8643e+05,4.5063e+05
3.612e+05,1.8661e+05,4.5218e+05
3.5947e+05,1.8679e+05,4.5374e+05
3.5774e+05,1.8697e+05,4.553e+05
3.5601e+05,1.8714e+05,4.5686e+05
3.5428e+05,1.8731e+05,4.5842e+05
3.5255e+05,1.8747e+05,4.5998e+05
3.5083e+05,1.8763e+05,4.6154e+05
3.491e+05,1.8779e+05,4.6311e+05
3.4738e+05,1.8795e+05,4.6467e+05
3.4566e+05,1.881e+05,4.6624e+05
3.4395e+05,1.8825e+05,4.6781e+05
3.4223e+05,1.8839e+05,4.6938e+05
3.4052e+05,1.8853e+05,4.7095e+05
3.3881e+05,1.8867e+05,4.7252e+05
3.371e+05,1.8881e+05,4.7409e+05
3.354e+05,1.8894e+05,4.7566e+05
3.3369e+05,1.8907e+05,4.7724e+05
3.3199e+05,1.8919e+05,4.7882e+05
3.303e+05,1.8931e+05,4.8039e+05
3.286e+05,1.8943e+05,4.8197e+05
3.2691e+05,1.8954e+05,4.8355e+05
3.2522e+05,1.8965e+05,4.8513e+05
3.2353e+05,1.8976e+05,4.8671e+05
3.2184e+05,1.8986e+05,4.8829e+05
3.2016e+05,1.8996e+05,4.8987e+05
3.1848e+05,1.9006e+05,4.9146e+05
3.168e+05,1.9015e+05,4.9304e+05
3.1513e+05,1.9024e+05,4.9463e+05
3.1346e+05,1.9033e+05,4.9621e+05
3.1179e+05,1.9041e+05,4.978e+05
3.1012e+05,1.9049e+05,4.9939e+05
3.0846e+05,1.9056e+05,5.0097e+05
3.068e+05,1.9063e+05,5.0256e+05
3.0515e+05,1.907e+05,5.0415e+05
3.0349e+05,1.9077e+05,5.0574e+05
3.0184e+05,1.9083e+05,5.0733e+05
3.002e+05,1.9088e+05,5.0892e+05
2.9855e+05,1.9094e+05,5.1051e+05
2.9691e+05,1.9098e+05,5.121e+05
2.9527e+05,1.9103e+05,5.137e+05
2.9364e+05,1.9107e+05,5.1529e+05
2.9201e+05,1.9111e+05,5.1688e+05
2.9038e+05,1.9114e+05,5.1847e+05
2.8876e+05,1.9117e+05,5.2007e+05
2.8714e+05,1.912e+05,5.2166e+05
2.8552e+05,1.9122e+05,5.2325e+05
2.8391e+05,1.9124e+05,5.2485e+05
2.823e+05,1.9126e+05,5.2644e+05
2.8069e+05,1.9127e+05,5.2803e+05
2.7909e+05,1.9128e+05,5.2963e+05
2.7749e+05,1.9128e+05,5.3122e+05
2.759e+05,1.9129e+05,5.3282e+05
2.7431e+05,1.9128e+05,5.3441e+05
2.7272e+05,1.9128e+05,5.36e+05
2.7114e+05,1.9126e+05,5.376e+05
2.6956e+05,1.9125e+05,5.3919e+05
2.6798e+05,1.9123e+05,5.4079e+05
2.6641e+05,1.9121e+05,5.4238e+05
2.6484e+05,1.9118e+05,5.4397e+05
2.6328e+05,1.9116e+05,5.4557e+05
2.6172e+05,1.9112e+05,5.4716e+05
2.6016e+05,1.9108e+05,5.4875e+05
2.5861e+05,1.9104e+05,5.5034e+05
2.5707e+05,1.91e+05,5.5193e+05
2.5552e+05,1.9095e+05,5.5353e+05
2.5398e+05,1.909e+05,5.5512e+05
2.5245e+05,1.9084e+05,5.5671e+05
2.5092e+05,1.9078e+05,5.583e+05
2.4939e+05,1.9072e+05,5.5989e+05
2.4787e+05,1.9065e+05,5.6148e+05
2.4635e+05,1.9058e+05,5.6306e+05
2.4484e+05,1.9051e+05,5.6465e+05
2.4333e+05,1.9043e+05,5.6624e+05
2.4183e+05,1.9035e+05,5.6783e+05
2.4033e+05,1.9026e+05,5.6941e+05
2.3883e+05,1.9017e+05,5.71e+05
2.3734e+05,1.9008e+05,5.7258e+05
2.3586e+05,1.8998e+05,5.7417e+05
2.3438e+05,1.8988e+05,5.7575e+05
2.329e+05,1.8977e+05,5.7733e+05
2.3143e+05,1.8966e+05,5.7891e+05
2.2996e+05,1.8955e+05,5.8049e+05
2.285e+05,1.8943e+05,5.8207e+05
2.2704e+05,1.8931e+05,5.8365e+05
2.2559e+05,1.8919e+05,5.8523e+05
2.2414e+05,1.8906e+05,5.868e+05
2.2269e+05,1.8893e+05,5.8838e+05
2.2125e+05,1.888e+05,5.8995e+05
2.1982e+05,1.8866e+05,5.9152e+05
2.1839e+05,1.8851e+05,5.9309e+05
2.1697e+05,1.8837e+05,5.9466e+05
2.1555e+05,1.8822e+05,5.9623e+05
2.1413e+05,1.8806e+05,5.978e+05
2.1272e+05,1.8791e+05,5.9937e+05
2.1132e+05,1.8775e+05,6.0093e+05
2.0992e+05,1.8758e+05,6.025e+05
2.0853e+05,1.8741e+05,6.0406e+05
2.0714e+05,1.8724e+05,6.0562e+05
2.0575e+05,1.8707e+05,6.0718e+05
2.0437e+05,1.8689e+05,6.0874e+05
2.03e+05,1.8671e+05,6.103e+05
2.0163e+05,1.8652e+05,6.1185e+05
2.0027e+05,1.8633e+05,6.134e+05
1.9891e+05,1.8614e+05,6.1496e+05
1.9756e+05,1.8594e+05,6.1651e+05
1.9621e+05,1.8574e+05,6.1805e+05
1.9486e+05,1.8553e+05,6.196e+05
1.9353e+05,1.8533e+05,6.2115e+05
1.9219e+05,1.8511e+05,6.2269e+05
1.9087e+05,1.849e+05,6.2423e+05
1.8955e+05,1.8468e+05,6.2577e+05
1.8823e+05,1.8446e+05,6.2731e+05
1.8692e+05,1.8423e+05,6.2885e+05
1.8561e+05,1.8401e+05,6.3038e+05
1.8431e+05,1.8377e+05,6.3191e+05
1.8302e+05,1.8354e+05,6.3344e+05
1.8173e+05,1.833e+05,6.3497e+05
1.8044e+05,1.8306e+05,6.365e+05
1.7917e+05,1.8281e+05,6.3802e+05
1.7789e+05,1.8256e+05,6.3955e+05
1.7663e+05,1.8231e+05,6.4107e+05
1.7536e+05,1.8205e+05,6.4258e+05
1.7411e+05,1.8179e+05,6.441e+05
1.7286e+05,1.8153e+05,6.4561e+05
1.7161e+05,1.8127e+05,6.4713e+05
1.7037e+05,1.81e+05,6.4864e+05
1.6913e+05,1.8072e+05,6.5014e+05
1.6791e+05,1.8045e+05,6.5165e+05
1.6668e+05,1.8017e+05,6.5315e+05
1.6546e+05,1.7989e+05,6.5465e+05
1.6425e+05,1.796e+05,6.5615e+05
1.6304e+05,1.7931e+05,6.5764e+05
1.6184e+05,1.7902e+05,6.5914e+05
1.6065e+05,1.7873e+05,6.6063e+05
1.5946e+05,1.7843e+05,6.6212e+05
1.5827e+05,1.7813e+05,6.636e+05
1.5709e+05,1.7782e+05,6.6508e+05
1.5592e+05,1.7752e+05,6.6656e+05
1.5475e+05,1.7721e+05,6.6804e+05
1.5359e+05,1.7689e+05,6.6952e+05
1.5243e+05,1.7658e+05,6.7099e+05
1.5128e+05,1.7626e+05,6.7246e+05
1.5014e+05,1.7593e+05,6.7393e+05
1.49e+05,1.7561e+05,6.7539e+05
1.4786e+05,1.7528e+05,6.7686e+05
1.4674e+05,1.7495e+05,6.7831e+05
1.4561e+05,1.7461e+05,6.7977e+05
1.445e+05,1.7428e+05,6.8122e+05
1.4339e+05,1.7394e+05,6.8268e+05
1.4228e+05,1.736e+05,6.8412e+05
1.4118e+05,1.7325e+05,6.8557e+05
1.4009e+05,1.729e+05,6.8701e+05
1.39e+05,1.7255e+05,6.8845e+05
1.3792e+05,1.722e+05,6.8989e+05
1.3684e+05,1.7184e+05,6.9132e+05
1.3577e+05,1.7148e+05,6.9275e+05
1.347e+05,1.7112e+05,6.9418e+05
1.3364e+05,1.7075e+05,6.956e+05
1.3259e+05,1.7039e+05,6.9702e+05
1.3154e+05,1.7002e+05,6.9844e+05
1.305e+05,1.6965e+05,6.9986e+05
1.2946e+05,1.6927e+05,7.0127e+05
1.2843e+05,1.6889e+05,7.0268e+05
1.274e+05,1.6851e+05,7.0408e+05
1.2638e+05,1.6813e+05,7.0549e+05
1.2537e+05,1.6775e+05,7.0689e+05
1.2436e+05,1.6736e+05,7.0828e+05
1.2336e+05,1.6697e+05,7.0968e+05
1.2236e+05,1.6658e+05,7.1107e+05
1.2137e+05,1.6618e+05,7.1245e+05
1.2038e+05,1.6578e+05,7.1384e+05
1.194e+05,1.6538e+05,7.1522e+05
1.1842e+05,1.6498e+05,7.1659e+05
1.1746e+05,1.6458e+05,7.1797e+05
1.1649e+05,1.6417e+05,7.1934e+05
1.1553e+05,1.6376e+05,7.207e+05
1.1458e+05,1.6335e+05,7.2206e+05
1.1363e+05,1.6294e+05,7.2342e+05
1.1269e+05,1.6253e+05,7.2478e+05
1.1176e+05,1.6211e+05,7.2613e+05
1.1083e+05,1.6169e+05,7.2748e+05
1.099e+05,1.6127e+05,7.2883e+05
1.0898e+05,1.6085e+05,7.3017e+05
1.0807e+05,1.6042e+05,7.3151e+05
1.0716e+05,1.5999e+05,7.3284e+05
1.0626e+05,1.5956e+05,7.3418e+05
1.0536e+05,1.5913e+05,7.355e+05
1.0447e+05,1.587e+05,7.3683e+05
1.0359e+05,1.5826e+05,7.3815e+05
1.0271e+05,1.5783e+05,7.3947e+05
1.0183e+05,1.5739e+05,7.4078e+05
1.0096e+05,1.5695e+05,7.4209e+05
1.001e+05,1.5651e+05,7.4339e+05
99242,1.5606e+05,7.447e+05
98390,1.5562e+05,7.46e+05
97543,1.5517e+05,7.4729e+05
96701,1.5472e+05,7.4858e+05
95864,1.5427e+05,7.4987e+05
95033,1.5381e+05,7.5115e+05
94208,1.5336e+05,7.5243e+05
93388,1.529e+05,7.5371e+05
92573,1.5245e+05,7.5498e+05
91763,1.5199e+05,7.5625e+05
90959,1.5153e+05,7.5751e+05
90160,1.5107e+05,7.5877e+05
89367,1.506e+05,7.6003e+05
88579,1.5014e+05,7.6128e+05
87796,1.4967e+05,7.6253e+05
87018,1.492e+05,7.6378e+05
86246,1.4873e+05,7.6502e+05
85479,1.4826e+05,7.6626e+05
84717,1.4779e+05,7.6749e+05
83960,1.4732e+05,7.6872e+05
83208,1.4684e+05,7.6995e+05
82462,1.4637e+05,7.7117e+05
81721,1.4589e+05,7.7239e+05
80985,1.4541e+05,7.736e+05
80254,1.4494e+05,7.7481e+05
79528,1.4446e+05,7.7602e+05
78808,1.4397e+05,7.7722e+05
78092,1.4349e+05,7.7842e+05
77381,1.4301e+05,7.7961e+05
76676,1.4253e+05,7.808e+05
75975,1.4204e+05,7.8198e+05
75280,1.4155e+05,7.8317e+05
74590,1.4107e+05,7.8434e+05
73904,1.4058e+05,7.8552e+05
73223,1.4009e+05,7.8669e+05
72548,1.396e+05,7.8785e+05
71877,1.3911e+05,7.8901e+05
71211,1.3862e+05,7.9017e+05
70550,1.3813e+05,7.9132e+05
69894,1.3763e+05,7.9247e+05
69243,1.3714e+05,7.9362e+05
68597,1.3664e+05,7.9476e+05
67955,1.3615e+05,7.959e+05
67318,1.3565e+05,7.9703e+05
66686,1.3516e+05,7.9816e+05
66059,1.3466e+05,7.9928e+05
65437,1.3416e+05,8.004e+05
64819,1.3367e+05,8.0152e+05
64206,1.3317e+05,8.0263e+05
63597,1.3267e+05,8.0374e+05
62993,1.3217e+05,8.0484e+05
62394,1.3167e+05,8.0594e+05
61799,1.3117e+05,8.0703e+05
61209,1.3067e+05,8.0812e+05
60624,1.3016e+05,8.0921e+05
60043,1.2966e+05,8.1029e+05
59467,1.2916e+05,8.1137e+05
58895,1.2866e+05,8.1245e+05
58327,1.2816e+05,8.1352e+05
57764,1.2765e+05,8.1458e+05
57206,1.2715e+05,8.1564e+05
56651,1.2665e+05,8.167e+05
56102,1.2614e+05,8.1776e+05
55556,1.2564e+05,8.188e+05
55015,1.2514e+05,8.1985e+05
54479,1.2463e+05,8.2089e+05
53946,1.2413e+05,8.2193e+05
53418,1.2362e+05,8.2296e+05
52894,1.2312e+05,8.2399e+05
52375,1.2261e+05,8.2501e+05
51859,1.2211e+05,8.2603e+05
51348,1.2161e+05,8.2705e+05
50841,1.211e+05,8.2806e+05
50338,1.206e+05,8.2906e+05
49840,1.2009e+05,8.3007e+05
49345,1.1959e+05,8.3107e+05
48855,1.1909e+05,8.3206e+05
48368,1.1858e+05,8.3305e+05
47886,1.1808e+05,8.3404e+05
47407,1.1757e+05,8.3502e+05
46933,1.1707e+05,8.36e+05
46463,1.1657e+05,8.3697e+05
45996,1.1607e+05,8.3794e+05
45534,1.1556e+05,8.389e+05
45075,1.1506e+05,8.3986e+05
44620,1.1456e+05,8.4082e+05
44169,1.1406e+05,8.4177e+05
43722,1.1356e+05,8.4272e+05
43279,1.1305e+05,8.4367e+05
42840,1.1255e+05,8.4461e+05
42404,1.1205e+05,8.4554e+05
41972,1.1155e+05,8.4647e+05
41544,1.1105e+05,8.474e+05
41119,1.1056e+05,8.4833e+05
40699,1.1006e+05,8.4924e+05
40282,1.0956e+05,8.5016e+05
39868,1.0906e+05,8.5107e+05
39458,1.0856e+05,8.5198e+05
39052,1.0807e+05,8.5288e+05
38649,1.0757e+05,8.5378e+05
38250,1.0708e+05,8.5467e+05
37854,1.0658e+05,8.5556e+05
37462,1.0609e+05,8.5645e+05
37074,1.056e+05,8.5733e+05
36688,1.051e+05,8.5821e+05
36307,1.0461e+05,8.5908e+05
35928,1.0412e+05,8.5995e+05
35553,1.0363e+05,8.6082e+05
35182,1.0314e+05,8.6168e+05
34814,1.0265e+05,8.6254e+05
34449,1.0216e+05,8.6339e+05
34087,1.0167e+05,8.6424e+05
33729,1.0119e+05,8.6509e+05
33374,1.007e+05,8.6593e+05
33022,1.0021e+05,8.6676e+05
32673,99730,8.676e+05
32328,99247,8.6843e+05
31985,98764,8.6925e+05
31646,98282,8.7007e+05
31310,97801,8.7089e+05
30978,97321,8.717e+05
30648,96842,8.7251e+05
30321,96363,8.7332e+05
29997,95886,8.7412e+05
29677,95410,8.7491e+05
29359,94934,8.7571e+05
29044,94460,8.765e+05
28732,93986,8.7728e+05
28424,93514,8.7806e+05
28118,93042,8.7884e+05
27815,92572,8.7961e+05
27515,92103,8.8038e+05
27217,91635,8.8115e+05
26923,91167,8.8191e+05
26631,90701,8.8267e+05
26342,90236,8.8342e+05
26056,89772,8.8417e+05
25773,89310,8.8492e+05
25492,88848,8.8566e+05
25214,88387,8.864e+05
24939,87928,8.8713e+05
24666,87470,8.8786e+05
24396,87013,8.8859e+05
24129,86557,8.8931e+05
23864,86102,8.9003e+05
23602,85649,8.9075e+05
23342,85197,8.9146e+05
23085,84746,8.9217e+05
22831,84296,8.9287e+05
22578,83847,8.9357e+05
22329,83400,8.9427e+05
22082,82954,8.9496e+05
21837,82509,8.9565e+05
21595,82066,8.9634e+05
21355,81624,8.9702e+05
21117,81183,8.977e+05
20882,80743,8.9837e+05
20650,80305,8.9905e+05
20419,79868,8.9971e+05
20191,79432,9.0038e+05
19965,78998,9.0104e+05
19741,78565,9.0169e+05
19520,78134,9.0235e+05
19301,77703,9.03e+05
19084,77275,9.0364e+05
18869,76847,9.0428e+05
18657,76421,9.0492e+05
18446,75996,9.0556e+05
18238,75573,9.0619e+05
18032,75151,9.0682e+05
17828,74731,9.0744e+05
17626,74312,9.0806e+05
17426,73894,9.0868e+05
17229,73478,9.0929e+05
17033,73063,9.099e+05
16839,72650,9.1051e+05
16647,72238,9.1112e+05
16457,71827,9.1172e+05
16270,71418,9.1231e+05
16084,71011,9.1291e+05
15900,70604,9.135e+05
15718,70200,9.1408e+05
15538,69797,9.1467e+05
15359,69395,9.1525e+05
15183,68995,9.1582e+05
15008,68596,9.164e+05
14836,68199,9.1697e+05
14665,67803,9.1753e+05
14496,67409,9.181e+05
14328,67016,9.1866e+05
14163,66625,9.1921e+05
13999,66235,9.1977e+05
13837,65847,9.2032e+05
13676,65460,9.2086e+05
13518,65075,9.2141e+05
13361,64691,9.2195e+05
13205,64309,9.2249e+05
13052,63928,9.2302e+05
12900,63549,9.2355e+05
12749,63171,9.2408e+05
12601,62795,9.246e+05
12453,62421,9.2513e+05
12308,62048,9.2564e+05
12164,61676,9.2616e+05
12021,61306,9.2667e+05
11880,60938,9.2718e+05
11741,60571,9.2769e+05
11603,60206,9.2819e+05
11467,59842,9.2869e+05
11332,59480,9.2919e+05
11198,59119,9.2968e+05
11066,58760,9.3017e+05
10936,58402,9.3066e+05
10806,58046,9.3115e+05
10679,57692,9.3163e+05
10552,57339,9.3211e+05
10427,56988,9.3259e+05
10304,56638,9.3306e+05
10181,56289,9.3353e+05
10061,55943,9.34e+05
9940.9,55597,9.3446e+05
9822.7,55254,9.3492e+05
9705.7,54912,9.3538e+05
9590.1,54571,9.3584e+05
9475.7,54232,9.3629e+05
9362.6,53895,9.3674e+05
9250.7,53559,9.3719e+05
9140.1,53225,9.3764e+05
9030.8,52892,9.3808e+05
8922.6,52561,9.3852e+05
8815.6,52231,9.3895e+05
8709.9,51903,9.3939e+05
8605.3,51576,9.3982e+05
8501.9,51251,9.4025e+05
8399.6,50928,9.4067e+05
8298.5,50606,9.411e+05
8198.6,50285,9.4152e+05
8099.7,49967,9.4193e+05
8002,49649,9.4235e+05
7905.4,49333,9.4276e+05
7809.9,49019,9.4317e+05
7715.4,48706,9.4358e+05
7622,48395,9.4398e+05
7529.7,48085,9.4438e+05
7438.4,47777,9.4478e+05
7348.2,47471,9.4518e+05
7259,47166,9.4558e+05
7170.8,46862,9.4597e+05
7083.6,46560,9.4636e+05
6997.4,46259,9.4674e+05
6912.2,45960,9.4713e+05
6827.9,45663,9.4751e+05
6744.7,45367,9.4789e+05
6662.3,45072,9.4827e+05
6581,44779,9.4864e+05
6500.5,44488,9.4901e+05
6421,44198,9.4938e+05
6342.4,43909,9.4975e+05
6264.7,43622,9.5011e+05
6187.9,43337,9.5048e+05
6112,43053,9.5084e+05
6037,42770,9.5119e+05
5962.8,42489,9.5155e+05
5889.5,42209,9.519e+05
5817.1,41931,9.5225e+05
5745.5,41655,9.526e+05
5674.7,41379,9.5295e+05
5604.7,41106,9.5329e+05
5535.6,40833,9.5363e+05
5467.2,40563,9.5397e+05
5399.7,40293,9.5431e+05
5333,40025,9.5464e+05
5267,39759,9.5497e+05
5201.8,39494,9.553e+05
5137.4,39230,9.5563e+05
5073.7,38968,9.5596e+05
5010.8,38707,9.5628e+05
4948.6,38448,9.566e+05
4887.1,38190,9.5692e+05
4826.4,37934,9.5724e+05
4766.4,37679,9.5755e+05
4707.1,37425,9.5787e+05
4648.5,37173,9.5818e+05
4590.5,36922,9.5849e+05
4533.3,36673,9.5879e+05
4476.8,36425,9.591e+05
4420.9,36178,9.594e+05
4365.7,35933,9.597e+05
4311.1,35689,9.6e+05
4257.2,35446,9.603e+05
4203.9,35205,9.6059e+05
4151.3,34966,9.6088e+05
4099.3,34727,9.6117e+05
4047.9,34490,9.6146e+05
3997.1,34255,9.6175e+05
3946.9,34020,9.6203e+05
3897.3,33787,9.6232e+05
3848.4,33556,9.626e+05
3800,33325,9.6287e+05
3752.2,33096,9.6315e+05
3704.9,32869,9.6343e+05
3658.3,32643,9.637e+05
3612.2,32418,9.6397e+05
3566.6,32194,9.6424e+05
3521.6,31972,9.6451e+05
3477.2,31750,9.6477e+05
3433.2,31531,9.6504e+05
3389.8,31312,9.653e+05
3347,31095,9.6556e+05
3304.6,30879,9.6582e+05
3262.8,30665,9.6607e+05
3221.5,30451,9.6633e+05
3180.6,30239,9.6658e+05
3140.3,30029,9.6683e+05
3100.4,29819,9.6708e+05
3061.1,29611,9.6733e+05
3022.2,29404,9.6757e+05
2983.8,29198,9.6782e+05
2945.9,28993,9.6806e+05
2908.4,28790,9.683e+05
2871.4,28588,9.6854e+05
2834.8,28387,9.6878e+05
2798.7,28188,9.6901e+05
2763,27989,9.6925e+05
2727.8,27792,9.6948e+05
2692.9,27596,9.6971e+05
2658.6,27401,9.6994e+05
2624.6,27208,9.7017e+05
2591.1,27015,9.7039e+05
2557.9,26824,9.7062e+05
2525.2,26634,9.7084e+05
2492.9,26445,9.7106e+05
2461,26258,9.7128e+05
2429.4,26071,9.715e+05
2398.3,25886,9.7172e+05
2367.5,25702,9.7193e+05
2337.1,25519,9.7214e+05
2307.1,25337,9.7236e+05
2277.5,25156,9.7257e+05
2248.2,24976,9.7278e+05
2219.3,24798,9.7298e+05
2190.8,24620,9.7319e+05
2162.6,24444,9.7339e+05
2134.8,24269,9.736e+05
2107.3,24095,9.738e+05
2080.1,23922,9.74e+05
2053.3,23750,9.742e+05
2026.8,23580,9.7439e+05
2000.7,23410,9.7459e+05
1974.8,23241,9.7478e+05
1949.3,23074,9.7498e+05
1924.1,22908,9.7517e+05
1899.3,22742,9.7536e+05
1874.7,22578,9.7555e+05
1850.4,22415,9.7573e+05
1826.5,22253,9.7592e+05
1802.8,22091,9.7611e+05
1779.5,21931,9.7629e+05
1756.4,21772,9.7647e+05
1733.7,21614,9.7665e+05
1711.2,21457,9.7683e+05
1689,21301,9.7701e+05
1667,21146,9.7719e+05
1645.4,20993,9.7736e+05
1624,20840,9.7754e+05
1602.9,20688,9.7771e+05
1582,20537,9.7788e+05
1561.5,20387,9.7805e+05
1541.1,20238,9.7822e+05
1521.1,20090,9.7839e+05
1501.3,19943,9.7856e+05
1481.7,19797,9.7872e+05
1462.4,19652,9.7889e+05
1443.3,19508,9.7905e+05
1424.5,19365,9.7921e+05
1405.9,19222,9.7937e+05
1387.5,19081,9.7953e+05
1369.4,18941,9.7969e+05
1351.5,18802,9.7985e+05
1333.9,18663,9.8e+05
1316.4,18526,9.8016e+05
1299.2,18389,9.8031e+05
1282.2,18253,9.8046e+05
1265.4,18119,9.8062e+05
1248.8,17985,9.8077e+05
1232.5,17852,9.8092e+05
1216.3,17720,9.8106e+05
1200.4,17589,9.8121e+05
1184.6,17458,9.8136e+05
1169.1,17329,9.815e+05
1153.7,17200,9.8165e+05
1138.6,17073,9.8179e+05
1123.6,16946,9.8193e+05
1108.9,16820,9.8207e+05
1094.3,16695,9.8221e+05
1079.9,16571,9.8235e+05
1065.7,16447,9.8249e+05
1051.7,16325,9.8262e+05
1037.9,16203,9.8276e+05
1024.2,16082,9.8289e+05
1010.7,15962,9.8303e+05
997.38,15843,9.8316e+05
984.23,15725,9.8329e+05
971.26,15607,9.8342e+05
958.45,15490,9.8355e+05
945.8,15374,9.8368e+05
933.32,15259,9.8381e+05
921,15145,9.8393e+05
908.83,15031,9.8406e+05
896.83,14918,9.8418e+05
884.98,14806,9.8431e+05
873.28,14695,9.8443e+05
861.73,14585,9.8455e+05
850.33,14475,9.8467e+05
839.08,14366,9.8479e+05
827.97,14258,9.8491e+05
817.01,14151,9.8503e+05
806.19,14044,9.8515e+05
795.51,13938,9.8527e+05
784.97,13833,9.8538e+05
774.56,13728,9.855e+05
764.29,13625,9.8561e+05
754.15,13522,9.8572e+05
744.14,13419,9.8584e+05
734.27,13318,9.8595e+05
724.52,13217,9.8606e+05
714.9,13117,9.8617e+05
705.4,13018,9.8628e+05
696.02,12919,9.8639e+05
686.77,12821,9.8649e+05
677.64,12724,9.866e+05
668.63,12627,9.867e+05
659.73,12531,9.8681e+05
650.95,12436,9.8691e+05
642.29,12341,9.8702e+05
633.74,12247,9.8712e+05
625.29,12154,9.8722e+05
616.96,12062,9.8732e+05
608.74,11970,9.8742e+05
600.63,11878,9.8752e+05
592.62,11788,9.8762e+05
584.71,11698,9.8772e+05
576.91,11609,9.8781e+05
569.21,11520,9.8791e+05
561.62,11432,9.8801e+05
554.12,11344,9.881e+05
546.72,11258,9.882e+05
539.41,11172,9.8829e+05
532.2,11086,9.8838e+05
525.09,11001,9.8847e+05
518.07,10917,9.8857e+05
511.14,10833,9.8866e+05
504.3,10750,9.8875e+05
497.56,10668,9.8883e+05
490.9,10586,9.8892e+05
484.33,10504,9.8901e+05
477.84,10424,9.891e+05
471.44,10343,9.8919e+05
465.12,10264,9.8927e+05
458.89,10185,9.8936e+05
452.74,10107,9.8944e+05
446.67,10029,9.8952e+05
440.68,9951.5,9.8961e+05
434.77,9874.8,9.8969e+05
428.94,9798.6,9.8977e+05
423.18,9723,9.8985e+05
417.5,9648,9.8993e+05
411.89,9573.5,9.9001e+05
406.36,9499.6,9.9009e+05
400.9,9426.2,9.9017e+05
395.52,9353.3,9.9025e+05
390.2,9281,9.9033e+05
384.96,9209.2,9.9041e+05
379.78,9137.9,9.9048e+05
374.67,9067.2,9.9056e+05
369.63,8997,9.9063e+05
364.66,8927.3,9.9071e+05
359.75,8858.1,9.9078e+05
354.91,8789.4,9.9086e+05
350.13,8721.2,9.9093e+05
345.42,8653.5,9.91e+05
340.77,8586.3,9.9107e+05
336.17,8519.6,9.9114e+05
331.64,8453.4,9.9121e+05
327.17,8387.7,9.9129e+05
322.76,8322.5,9.9135e+05
318.41,8257.8,9.9142e+05
314.12,8193.5,9.9149e+05
309.88,8129.8,9.9156e+05
305.7,8066.5,9.9163e+05
301.57,8003.6,9.9169e+05
297.5,7941.3,9.9176e+05
293.49,7879.4,9.9183e+05
289.52,7817.9,9.9189e+05
285.61,7756.9,9.9196e+05
281.75,7696.4,9.9202e+05
277.95,7636.3,9.9209e+05
274.19,7576.7,9.9215e+05
270.49,7517.5,9.9221e+05
266.83,7458.8,9.9227e+05
263.22,7400.5,9.9234e+05
259.66,7342.6,9.924e+05
256.15,7285.2,9.9246e+05
252.68,7228.2,9.9252e+05
249.26,7171.6,9.9258e+05
245.89,7115.4,9.9264e+05
242.56,7059.7,9.927e+05
239.27,7004.4,9.9276e+05
236.03,6949.5,9.9281e+05
232.84,6895,9.9287e+05
229.68,6840.9,9.9293e+05
226.57,6787.2,9.9299e+05
223.5,6734,9.9304e+05
220.47,6681.1,9.931e+05
217.48,6628.6,9.9315e+05
214.53,6576.6,9.9321e+05
211.62,6524.9,9.9326e+05
208.75,6473.6,9.9332e+05
205.92,6422.7,9.9337e+05
203.12,6372.2,9.9342e+05
200.37,6322,9.9348e+05
197.65,6272.3,9.9353e+05
194.96,6222.9,9.9358e+05
192.31,6173.9,9.9363e+05
189.7,6125.3,9.9369e+05
187.12,6077,9.9374e+05
184.58,6029.1,9.9379e+05
182.07,5981.6,9.9384e+05
179.6,5934.4,9.9389e+05
177.16,5887.6,9.9394e+05
174.75,5841.1,9.9398e+05
172.37,5795,9.9403e+05
170.03,5749.2,9.9408e+05
167.72,5703.8,9.9413e+05
165.43,5658.8,9.9418e+05
163.18,5614.1,9.9422e+05
160.96,5569.7,9.9427e+05
158.77,5525.6,9.9432e+05
156.61,5481.9,9.9436e+05
154.48,5438.6,9.9441e+05
152.37,5395.5,9.9445e+05
150.3,5352.8,9.945e+05
148.25,5310.4,9.9454e+05
146.23,5268.4,9.9459e+05
144.24,5226.6,9.9463e+05
142.27,5185.2,9.9467e+05
140.33,5144.1,9.9472e+05
138.42,5103.3,9.9476e+05
136.53,5062.9,9.948e+05
134.67,5022.7,9.9484e+05
132.83,4982.9,9.9488e+05
131.02,4943.3,9.9493e+05
129.23,4904.1,9.9497e+05
127.47,4865.1,9.9501e+05
125.73,4826.5,9.9505e+05
124.01,4788.1,9.9509e+05
122.32,4750.1,9.9513e+05
120.65,4712.3,9.9517e+05
119,4674.9,9.9521e+05
117.38,4637.7,9.9524e+05
115.77,4600.8,9.9528e+05
114.19,4564.2,9.9532e+05
112.63,4527.9,9.9536e+05
111.09,4491.8,9.954e+05
109.57,4456.1,9.9543e+05
108.08,4420.6,9.9547e+05
106.6,4385.4,9.9551e+05
105.14,4350.4,9.9554e+05
103.7,4315.8,9.9558e+05
102.29,4281.3,9.9562e+05
100.89,4247.2,9.9565e+05
99.507,4213.3,9.9569e+05
98.146,4179.7,9.9572e+05
96.803,4146.4,9.9576e+05
95.478,4113.3,9.9579e+05
94.171,4080.5,9.9583e+05
92.882,4047.9,9.9586e+05
91.61,4015.6,9.9589e+05
90.356,3983.5,9.9593e+05
89.119,3951.7,9.9596e+05
87.898,3920.1,9.9599e+05
86.694,3888.7,9.9602e+05
85.506,3857.7,9.9606e+05
84.335,3826.8,9.9609e+05
83.179,3796.2,9.9612e+05
82.039,3765.8,9.9615e+05
80.915,3735.7,9.9618e+05
79.806,3705.8,9.9621e+05
78.712,3676.1,9.9625e+05
77.632,3646.7,9.9628e+05
76.568,3617.5,9.9631e+05
75.518,3588.5,9.9634e+05
74.482,3559.8,9.9637e+05
73.46,3531.3,9.964e+05
72.453,3503,9.9642e+05
71.458,3474.9,9.9645e+05
70.478,3447,9.9648e+05
69.511,3419.4,9.9651e+05
68.557,3391.9,9.9654e+05
67.616,3364.7,9.9657e+05
66.687,3337.7,9.966e+05
65.772,3310.9,9.9662e+05
64.868,3284.4,9.9665e+05
63.978,3258,9.9668e+05
63.099,3231.8,9.9671e+05
62.232,3205.9,9.9673e+05
61.377,3180.1,9.9676e+05
60.534,3154.6,9.9678e+05
59.702,3129.2,9.9681e+05
58.882,3104.1,9.9684e+05
58.073,3079.1,9.9686e+05
57.274,3054.4,9.9689e+05
56.487,3029.8,9.9691e+05
55.71,3005.4,9.9694e+05
54.944,2981.3,9.9696e+05
54.189,2957.3,9.9699e+05
53.444,2933.5,9.9701e+05
52.709,2909.9,9.9704e+05
51.984,2886.4,9.9706e+05
51.269,2863.2,9.9709e+05
50.563,2840.1,9.9711e+05
49.868,2817.3,9.9713e+05
49.181,2794.6,9.9716e+05
48.505,2772,9.9718e+05
47.837,2749.7,9.972e+05
47.178,2727.5,9.9723e+05
46.529,2705.5,9.9725e+05
45.888,2683.7,9.9727e+05
45.257,2662.1,9.9729e+05
44.633,2640.6,9.9731e+05
44.019,2619.3,9.9734e+05
43.413,2598.2,9.9736e+05
42.815,2577.2,9.9738e+05
42.225,2556.4,9.974e+05
41.643,2535.8,9.9742e+05
41.069,2515.3,9.9744e+05
40.503,2495,9.9746e+05
39.945,2474.8,9.9749e+05
39.395,2454.9,9.9751e+05
38.852,2435,9.9753e+05
38.316,2415.4,9.9755e+05
37.788,2395.8,9.9757e+05
37.267,2376.5,9.9759e+05
36.753,2357.3,9.9761e+05
36.247,2338.2,9.9763e+05
35.747,2319.3,9.9764e+05
35.254,2300.5,9.9766e+05
34.768,2281.9,9.9768e+05
34.288,2263.5,9.977e+05
33.815,2245.2,9.9772e+05
33.348,2227,9.9774e+05
32.888,2209,9.9776e+05
32.435,2191.1,9.9778e+05
31.987,2173.4,9.9779e+05
31.546,2155.8,9.9781e+05
31.11,2138.3,9.9783e+05
30.681,2121,9.9785e+05
30.257,2103.8,9.9787e+05
29.84,2086.8,9.9788e+05
29.428,2069.9,9.979e+05
29.021,2053.1,9.9792e+05
28.621,2036.4,9.9793e+05
28.225,2019.9,9.9795e+05
27.835,2003.6,9.9797e+05
27.451,1987.3,9.9799e+05
27.072,1971.2,9.98e+05
26.698,1955.2,9.9802e+05
26.329,1939.4,9.9803e+05
25.965,1923.6,9.9805e+05
25.607,1908,9.9807e+05
25.253,1892.5,9.9808e+05
24.904,1877.2,9.981e+05
24.56,1861.9,9.9811e+05
24.22,1846.8,9.9813e+05
23.885,1831.8,9.9814e+05
23.555,1817,9.9816e+05
23.23,1802.2,9.9817e+05
22.908,1787.6,9.9819e+05
22.592,1773.1,9.982e+05
22.279,1758.7,9.9822e+05
21.971,1744.4,9.9823e+05
21.667,1730.2,9.9825e+05
21.368,1716.1,9.9826e+05
21.072,1702.2,9.9828e+05
20.781,1688.3,9.9829e+05
20.493,1674.6,9.983e+05
20.21,1661,9.9832e+05
19.93,1647.5,9.9833e+05
19.654,1634.1,9.9835e+05
19.382,1620.8,9.9836e+05
19.114,1607.6,9.9837e+05
18.85,1594.6,9.9839e+05
18.589,1581.6,9.984e+05
18.332,1568.7,9.9841e+05
18.078,1555.9,9.9843e+05
17.828,1543.3,9.9844e+05
17.581,1530.7,9.9845e+05
17.337,1518.3,9.9846e+05
17.097,1505.9,9.9848e+05
16.861,1493.6,9.9849e+05
16.627,1481.5,9.985e+05
16.397,1469.4,9.9851e+05
16.17,1457.4,9.9853e+05
15.946,1445.6,9.9854e+05
15.725,1433.8,9.9855e+05
15.507,1422.1,9.9856e+05
15.292,1410.5,9.9857e+05
15.081,1399,9.9859e+05
14.872,1387.6,9.986e+05
14.666,1376.3,9.9861e+05
14.462,1365.1,9.9862e+05
14.262,1354,9.9863e+05
14.064,1342.9,9.9864e+05
13.869,1332,9.9865e+05
13.677,1321.1,9.9867e+05
13.488,1310.3,9.9868e+05
13.301,1299.7,9.9869e+05
13.116,1289.1,9.987e+05
12.935,1278.5,9.9871e+05
12.755,1268.1,9.9872e+05
12.578,1257.8,9.9873e+05
12.404,1247.5,9.9874e+05
12.232,1237.3,9.9875e+05
12.062,1227.2,9.9876e+05
11.895,1217.2,9.9877e+05
11.73,1207.3,9.9878e+05
11.568,1197.4,9.9879e+05
11.407,1187.6,9.988e+05
11.249,1177.9,9.9881e+05
11.093,1168.3,9.9882e+05
10.939,1158.8,9.9883e+05
10.787,1149.3,9.9884e+05
10.638,1139.9,9.9885e+05
10.49,1130.6,9.9886e+05
10.344,1121.4,9.9887e+05
10.201,1112.2,9.9888e+05
10.059,1103.1,9.9889e+05
9.9198,1094.1,9.989e+05
9.7821,1085.2,9.9891e+05
9.6464,1076.3,9.9891e+05
9.5125,1067.5,9.9892e+05
9.3805,1058.8,9.9893e+05
9.2503,1050.1,9.9894e+05
9.1219,1041.5,9.9895e+05
8.9953,1033,9.9896e+05
8.8704,1024.5,9.9897e+05
8.7473,1016.2,9.9898e+05
8.6258,1007.9,9.9898e+05
8.506,999.61,9.9899e+05
8.3879,991.43,9.99e+05
8.2715,983.32,9.9901e+05
8.1566,975.27,9.9902e+05
8.0433,967.29,9.9902e+05
7.9316,959.38,9.9903e+05
7.8215,951.53,9.9904e+05
7.7129,943.74,9.9905e+05
7.6057,936.01,9.9906e+05
7.5001,928.35,9.9906e+05
7.3959,920.75,9.9907e+05
7.2932,913.21,9.9908e+05
7.1919,905.73,9.9909e+05
7.092,898.32,9.9909e+05
6.9934,890.96,9.991e+05
6.8963,883.66,9.9911e+05
6.8004,876.43,9.9912e+05
6.7059,869.25,9.9912e+05
6.6128,862.13,9.9913e+05
6.5209,855.06,9.9914e+05
6.4303,848.06,9.9915e+05
6.3409,841.11,9.9915e+05
6.2528,834.22,9.9916e+05
6.1659,827.38,9.9917e+05
6.0802,820.6,9.9917e+05
5.9957,813.87,9.9918e+05
5.9123,807.2,9.9919e+05
5.8301,800.58,9.9919e+05
5.7491,794.02,9.992e+05
5.6692,787.51,9.9921e+05
5.5903,781.05,9.9921e+05
5.5126,774.65,9.9922e+05
5.436,768.3,9.9923e+05
5.3604,762,9.9923e+05
5.2859,755.75,9.9924e+05
5.2123,749.55,9.9925e+05
5.1399,743.4,9.9925e+05
5.0684,737.3,9.9926e+05
4.9979,731.25,9.9926e+05
4.9284,725.26,9.9927e+05
4.8599,719.31,9.9928e+05
4.7923,713.4,9.9928e+05
4.7256,707.55,9.9929e+05
4.6599,701.74,9.9929e+05
4.595,695.98,9.993e+05
4.5311,690.27,9.9931e+05
4.4681,684.61,9.9931e+05
4.4059,678.99,9.9932e+05
4.3446,673.41,9.9932e+05
4.2842,667.88,9.9933e+05
4.2246,662.4,9.9933e+05
4.1658,656.96,9.9934e+05
4.1078,651.57,9.9934e+05
4.0507,646.22,9.9935e+05
3.9943,640.91,9.9936e+05
3.9387,635.65,9.9936e+05
3.8839,630.43,9.9937e+05
3.8299,625.25,9.9937e+05
3.7766,620.11,9.9938e+05
3.724,615.02,9.9938e+05
3.6722,609.97,9.9939e+05
3.6211,604.96,9.9939e+05
3.5707,599.99,9.994e+05
3.521,595.06,9.994e+05
3.4719,590.17,9.9941e+05
3.4236,585.32,9.9941e+05
3.376,580.51,9.9942e+05
3.329,575.74,9.9942e+05
3.2826,571.01,9.9943e+05
3.2369,566.31,9.9943e+05
3.1918,561.66,9.9944e+05
3.1474,557.04,9.9944e+05
3.1036,552.46,9.9944e+05
3.0604,547.92,9.9945e+05
3.0177,543.42,9.9945e+05
2.9757,538.95,9.9946e+05
2.9343,534.52,9.9946e+05
2.8934,530.12,9.9947e+05
2.8531,525.76,9.9947e+05
2.8134,521.44,9.9948e+05
2.7742,517.15,9.9948e+05
2.7356,512.9,9.9948e+05
2.6975,508.68,9.9949e+05
2.6599,504.5,9.9949e+05
2.6229,500.35,9.995e+05
2.5863,496.23,9.995e+05
2.5503,492.15,9.9951e+05
2.5148,488.1,9.9951e+05
2.4797,484.08,9.9951e+05
2.4452,480.1,9.9952e+05
2.4111,476.15,9.9952e+05
2.3775,472.23,9.9953e+05
2.3444,468.35,9.9953e+05
2.3117,464.49,9.9953e+05
2.2795,460.67,9.9954e+05
2.2478,456.88,9.9954e+05
2.2165,453.12,9.9954e+05
2.1856,449.39,9.9955e+05
2.1551,445.69,9.9955e+05
2.1251,442.02,9.9956e+05
2.0955,438.38,9.9956e+05
2.0663,434.77,9.9956e+05
2.0375,431.19,9.9957e+05
2.0091,427.64,9.9957e+05
1.9811,424.12,9.9957e+05
1.9535,420.63,9.9958e+05
1.9262,417.17,9.9958e+05
1.8994,413.73,9.9958e+05
1.8729,410.32,9.9959e+05
1.8468,406.95,9.9959e+05
1.8211,403.59,9.9959e+05
1.7957,400.27,9.996e+05
1.7707,396.97,9.996e+05
1.746,393.7,9.996e+05
1.7216,390.46,9.9961e+05
1.6976,387.24,9.9961e+05
1.674,384.05,9.9961e+05
1.6506,380.89,9.9962e+05
1.6276,377.75,9.9962e+05
1.6049,374.64,9.9962e+05
1.5825,371.55,9.9963e+05
1.5605,368.49,9.9963e+05
1.5387,365.45,9.9963e+05
1.5173,362.44,9.9964e+05
1.4961,359.46,9.9964e+05
1.4752,356.49,9.9964e+05
1.4547,353.56,9.9964e+05
1.4344,350.64,9.9965e+05
1.4144,347.75,9.9965e+05
1.3947,344.89,9.9965e+05
1.3752,342.04,9.9966e+05
1.356,339.22,9.9966e+05
1.3371,336.43,9.9966e+05
1.3185,333.65,9.9967e+05
1.3001,330.9,9.9967e+05
1.282,328.18,9.9967e+05
1.2641,325.47,9.9967e+05
1.2464,322.79,9.9968e+05
1.2291,320.13,9.9968e+05
1.2119,317.49,9.9968e+05
1.195,314.87,9.9968e+05
1.1783,312.27,9.9969e+05
1.1619,309.7,9.9969e+05
1.1457,307.14,9.9969e+05
1.1297,304.61,9.9969e+05
1.1139,302.1,9.997e+05
1.0984,299.61,9.997e+05
1.0831,297.14,9.997e+05
1.068,294.68,9.997e+05
1.0531,292.25,9.9971e+05
1.0384,289.84,9.9971e+05
1.0239,287.45,9.9971e+05
1.0096,285.08,9.9971e+05
0.99552,282.73,9.9972e+05
0.98163,280.4,9.9972e+05
0.96793,278.08,9.9972e+05
0.95443,275.79,9.9972e+05
0.94111,273.51,9.9973e+05
0.92798,271.26,9.9973e+05
0.91503,269.02,9.9973e+05
0.90226,266.8,9.9973e+05
0.88967,264.6,9.9973e+05
0.87725,262.41,9.9974e+05
0.86501,260.25,9.9974e+05
0.85294,258.1,9.9974e+05
0.84103,255.97,9.9974e+05
0.8293,253.86,9.9975e+05
0.81772,251.76,9.9975e+05
0.80631,249.68,9.9975e+05
0.79506,247.62,9.9975e+05
0.78396,245.58,9.9975e+05
0.77302,243.55,9.9976e+05
0.76223,241.54,9.9976e+05
0.75159,239.55,9.9976e+05
0.7411,237.57,9.9976e+05
0.73075,235.61,9.9976e+05
0.72055,233.66,9.9977e+05
0.71049,231.74,9.9977e+05
0.70058,229.82,9.9977e+05
0.6908,227.93,9.9977e+05
0.68115,226.04,9.9977e+05
0.67164,224.18,9.9978e+05
0.66227,222.33,9.9978e+05
0.65302,220.49,9.9978e+05
0.64391,218.67,9.9978e+05
0.63492,216.86,9.9978e+05
0.62605,215.07,9.9978e+05
0.61731,213.3,9.9979e+05
0.60869,211.54,9.9979e+05
0.60019,209.79,9.9979e+05
0.59181,208.06,9.9979e+05
0.58355,206.34,9.9979e+05
0.5754,204.63,9.9979e+05
0.56737,202.94,9.998e+05
0.55945,201.27,9.998e+05
0.55164,199.6,9.998e+05
0.54393,197.96,9.998e+05
0.53634,196.32,9.998e+05
0.52885,194.7,9.998e+05
0.52146,193.09,9.9981e+05
0.51418,191.49,9.9981e+05
0.507,189.91,9.9981e+05
0.49992,188.34,9.9981e+05
0.49294,186.79,9.9981e+05
0.48606,185.24,9.9981e+05
0.47927,183.71,9.9982e+05
0.47257,182.2,9.9982e+05
0.46597,180.69,9.9982e+05
0.45947,179.2,9.9982e+05
0.45305,177.72,9.9982e+05
0.44672,176.25,9.9982e+05
0.44048,174.79,9.9982e+05
0.43433,173.35,9.9983e+05
0.42826,171.91,9.9983e+05
0.42228,170.49,9.9983e+05
0.41638,169.09,9.9983e+05
0.41057,167.69,9.9983e+05
0.40483,166.3,9.9983e+05
0.39918,164.93,9.9983e+05
0.3936,163.56,9.9984e+05
0.38811,162.21,9.9984e+05
0.38268,160.87,9.9984e+05
0.37734,159.54,9.9984e+05
0.37207,158.22,9.9984e+05
0.36687,156.92,9.9984e+05
0.36175,155.62,9.9984e+05
0.35669,154.33,9.9985e+05
0.35171,153.06,9.9985e+05
0.3468,151.79,9.9985e+05
0.34195,150.54,9.9985e+05
0.33717,149.29,9.9985e+05
0.33246,148.06,9.9985e+05
0.32782,146.83,9.9985e+05
0.32324,145.62,9.9985e+05
0.31872,144.42,9.9986e+05
0.31427,143.22,9.9986e+05
0.30988,142.04,9.9986e+05
0.30555,140.86,9.9986e+05
0.30128,139.7,9.9986e+05
0.29707,138.54,9.9986e+05
0.29292,137.4,9.9986e+05
0.28883,136.26,9.9986e+05
0.28479,135.13,9.9986e+05
0.28081,134.02,9.9987e+05
0.27689,132.91,9.9987e+05
0.27302,131.81,9.9987e+05
0.26921,130.72,9.9987e+05
0.26544,129.64,9.9987e+05
0.26173,128.57,9.9987e+05
0.25808,127.5,9.9987e+05
0.25447,126.45,9.9987e+05
0.25092,125.4,9.9987e+05
0.24741,124.37,9.9988e+05
0.24395,123.34,9.9988e+05
0.24054,122.32,9.9988e+05
0.23718,121.3,9.9988e+05
0.23387,120.3,9.9988e+05
0.2306,119.31,9.9988e+05
0.22738,118.32,9.9988e+05
0.2242,117.34,9.9988e+05
0.22106,116.37,9.9988e+05
0.21798,115.41,9.9988e+05
0.21493,114.45,9.9989e+05
0.21193,113.51,9.9989e+05
0.20896,112.57,9.9989e+05
0.20604,111.64,9.9989e+05
0.20316,110.71,9.9989e+05
0.20032,109.8,9.9989e+05
0.19752,108.89,9.9989e+05
0.19476,107.99,9.9989e+05
0.19204,107.09,9.9989e+05
0.18936,106.21,9.9989e+05
0.18671,105.33,9.9989e+05
0.1841,104.46,9.999e+05
0.18153,103.59,9.999e+05
0.17899,102.74,9.999e+05
0.17649,101.89,9.999e+05
0.17402,101.04,9.999e+05
0.17159,100.21,9.999e+05
0.16919,99.377,9.999e+05
0.16683,98.555,9.999e+05
0.16449,97.739,9.999e+05
0.16219,96.931,9.999e+05
0.15993,96.128,9.999e+05
0.15769,95.333,9.999e+05
0.15549,94.544,9.9991e+05
0.15331,93.762,9.9991e+05
0.15117,92.986,9.9991e+05
0.14906,92.216,9.9991e+05
0.14697,91.453,9.9991e+05
0.14492,90.696,9.9991e+05
0.14289,89.945,9.9991e+05
0.1409,89.201,9.9991e+05
0.13893,88.463,9.9991e+05
0.13698,87.73,9.9991e+05
0.13507,87.004,9.9991e+05
0.13318,86.284,9.9991e+05
0.13132,85.57,9.9991e+05
0.12948,84.862,9.9992e+05
0.12767,84.159,9.9992e+05
0.12589,83.463,9.9992e+05
0.12413,82.772,9.9992e+05
0.12239,82.086,9.9992e+05
0.12068,81.407,9.9992e+05
0.11899,80.733,9.9992e+05
0.11733,80.065,9.9992e+05
0.11569,79.402,9.9992e+05
0.11407,78.745,9.9992e+05
0.11248,78.093,9.9992e+05
0.1109,77.446,9.9992e+05
0.10935,76.805,9.9992e+05
0.10782,76.169,9.9992e+05
0.10632,75.539,9.9992e+05
0.10483,74.913,9.9992e+05
0.10336,74.293,9.9993e+05
0.10192,73.678,9.9993e+05
0.10049,73.068,9.9993e+05
0.099089,72.463,9.9993e+05
